timestamp,origin_lat,origin_lon,destination_lat,destination_lon,trip_distance,eta_prediction,time_of_prediction,model_used
2024-08-08T00:00:00Z,-1.3032036,36.6825914,-1.2739575,36.8118501,30275.7,2248.195556640625,2024-08-08 20:54:10.381005,XGBRegressor
2024-08-08T00:00:00Z,-1.284604486663143,36.68626785278321,-1.2739575,36.8118501,19952.5,1658.4490966796875,2024-08-08 20:54:36.795122,XGBRegressor
2024-08-08T00:00:00Z,-1.3032036,36.6825914,-1.2739575,36.8118501,30275.7,2248.195556640625,2024-08-08 20:54:51.846503,XGBRegressor
2024-08-08T00:00:00Z,-1.2593742778212769,36.71167373657227,-1.2739575,36.8118501,13089.4,1363.249755859375,2024-08-08 20:56:06.931112,XGBRegressor
2024-08-08T00:00:00Z,-1.2593742778212769,36.71167373657227,-1.2739575,36.8118501,13131,1517.115966796875,2024-08-08 20:56:39.431254,XGBRegressor
2024-08-08T00:00:00Z,-1.3032036,36.6825914,-1.2739575,36.8118501,30275.7,2248.195556640625,2024-08-08 21:00:56.619925,XGBRegressor
2024-08-08T00:00:00Z,1.1004796,36.6825914,-1.2739575,36.8118501,336236.8,3222.885986328125,2024-08-08 21:02:20.288798,XGBRegressor
2024-08-08T00:00:00Z,-1.3032036,36.6825914,-1.2739575,36.8118501,30275.7,2248.195556640625,2024-08-08 21:02:35.881502,XGBRegressor
2024-08-08T00:00:00Z,1.1004796,36.6825914,-1.2739575,36.8118501,336236.8,3222.885986328125,2024-08-08 21:03:00.630205,XGBRegressor
2024-08-08T00:00:00Z,1.1004796,36.6825914,-1.2739575,36.8118501,336236.8,3222.885986328125,2024-08-08 21:03:15.907424,XGBRegressor
2024-08-08T00:00:00Z,-1.3032036,36.6825914,-1.2739575,36.8118501,30275.7,2248.195556640625,2024-08-08 21:04:03.555102,XGBRegressor
2024-08-08T00:00:00Z,-1.3032036,36.6825914,-1.2739575,36.8118501,30275.7,2248.195556640625,2024-08-08 21:05:42.420271,XGBRegressor
2024-08-08T00:00:00Z,-1.2348303708657813,36.71407699584962,-1.2739575,36.8118501,13622.7,1585.31982421875,2024-08-08 21:06:21.498996,XGBRegressor
2024-08-08T00:00:00Z,-1.2300305138401768,36.78814888000489,-1.2739575,36.8118501,9179.3,1404.4130859375,2024-08-08 21:12:13.322594,XGBRegressor
2024-08-08T00:00:00Z,-1.2247101870976034,36.8078899383545,-1.2739575,36.8118501,9024.4,1453.57763671875,2024-08-08 21:12:37.959140,XGBRegressor
2024-08-08T00:00:00Z,-1.2241099219360259,36.85132026672364,-1.2739575,36.8118501,12854.5,1885.8411865234375,2024-08-08 21:14:38.340452,XGBRegressor
2024-08-09T00:00:00Z,-1.3032036,36.6825914,-1.2739575,36.8118501,30275.7,2248.195556640625,2024-08-09 18:25:55.768108,XGBRegressor
2024-08-09T00:00:00Z,-1.3032036,36.6825914,-1.2739575,36.8118501,30275.7,2248.195556640625,2024-08-09 22:58:00.444359,XGBRegressor
2024-08-09T00:00:00Z,-1.2634935124040183,36.67476654052735,-1.2739575,36.8118501,24889.9,1949.59033203125,2024-08-10 00:55:27.050682,XGBRegressor
2024-08-09T00:00:00Z,-1.2344905625908813,36.70721054077149,-1.2739575,36.8118501,17458.1,1568.106201171875,2024-08-10 00:55:31.322439,XGBRegressor
2024-08-09T00:00:00Z,-1.2296872701762085,36.72429084777833,-1.2739575,36.8118501,13954.1,1587.1683349609375,2024-08-10 00:55:34.795439,XGBRegressor
2024-08-09T00:00:00Z,-1.2282287765932283,36.7339038848877,-1.2739575,36.8118501,13114.5,1681.5767822265625,2024-08-10 00:55:39.476598,XGBRegressor
2024-08-09T00:00:00Z,-1.2442769091840473,36.73330307006837,-1.2739575,36.8118501,12168.6,1595.6368408203125,2024-08-10 00:55:43.702761,XGBRegressor
2024-08-09T00:00:00Z,-1.2578347077838283,36.73476219177247,-1.2739575,36.8118501,12773.4,1684.4033203125,2024-08-10 00:55:46.809349,XGBRegressor
2024-08-09T00:00:00Z,-1.2504532069640324,36.753816604614265,-1.2739575,36.8118501,9806.9,1370.1663818359375,2024-08-10 00:55:51.061717,XGBRegressor
2024-08-09T00:00:00Z,-1.2504532069640324,36.753816604614265,-1.2586044704178534,36.81467056274415,7998.1,1172.1009521484375,2024-08-10 00:55:54.771776,XGBRegressor
2024-08-09T00:00:00Z,-1.2504532069640324,36.753816604614265,-1.2401549895943969,36.814241409301765,12207.4,1601.82275390625,2024-08-10 00:55:58.525757,XGBRegressor
2024-08-09T00:00:00Z,-1.2388684304870725,36.7503833770752,-1.2401549895943969,36.814241409301765,11501.0,1505.4560546875,2024-08-10 00:56:03.215109,XGBRegressor
2024-08-09T00:00:00Z,-1.232175620750091,36.74652099609376,-1.2401549895943969,36.814241409301765,9697.2,1363.687744140625,2024-08-10 00:56:10.069325,XGBRegressor
2024-08-09T00:00:00Z,-1.219131786066074,36.74549102783204,-1.2401549895943969,36.814241409301765,10077.5,1363.687744140625,2024-08-10 00:56:13.854676,XGBRegressor
2024-08-09T00:00:00Z,-1.2058309856260987,36.74652099609376,-1.2401549895943969,36.814241409301765,9821.5,1363.687744140625,2024-08-10 00:56:18.289717,XGBRegressor
2024-08-09T00:00:00Z,-1.2058309856260987,36.74652099609376,-1.2225638367765916,36.81758880615235,11566.6,1500.314208984375,2024-08-10 00:56:25.096484,XGBRegressor
2024-08-09T00:00:00Z,-1.2151006037408045,36.74222946166993,-1.2225638367765916,36.81758880615235,14050.5,1676.714599609375,2024-08-10 00:56:30.308178,XGBRegressor
2024-08-09T00:00:00Z,-1.1982792397607618,36.73716545104981,-1.2225638367765916,36.81758880615235,10837.5,1369.01953125,2024-08-10 00:56:46.657927,XGBRegressor
2024-08-09T00:00:00Z,-1.2084932013192353,36.73596382141114,-1.2225638367765916,36.81758880615235,13745.6,1756.673095703125,2024-08-10 00:57:05.750627,XGBRegressor
2024-08-09T00:00:00Z,-1.2132123550762133,36.73587799072266,-1.2225638367765916,36.81758880615235,14045.1,1671.0679931640625,2024-08-10 00:57:24.545443,XGBRegressor
2024-08-09T00:00:00Z,-1.207719524414527,36.74463272094727,-1.2225638367765916,36.81758880615235,11955.4,1585.6553955078125,2024-08-10 01:00:20.250400,XGBRegressor
2024-08-09T00:00:00Z,-1.195705300979875,36.753559112548835,-1.2225638367765916,36.81758880615235,8259.0,1137.809814453125,2024-08-10 01:00:21.832745,XGBRegressor
2024-08-09T00:00:00Z,-1.195705300979875,36.753559112548835,-1.2069463347620175,36.80909156799317,9719.3,1370.1663818359375,2024-08-10 01:00:23.843966,XGBRegressor
2024-08-09T00:00:00Z,-1.1900422581924321,36.76548957824708,-1.2069463347620175,36.80909156799317,9544.7,1313.4239501953125,2024-08-10 01:00:25.481542,XGBRegressor
2024-08-09T00:00:00Z,-1.1774272321794046,36.77707672119141,-1.2069463347620175,36.80909156799317,10751.5,1638.998291015625,2024-08-10 01:00:30.914118,XGBRegressor
2024-08-09T00:00:00Z,-1.1774272321794046,36.77707672119141,-1.2069463347620175,36.9096888,20205.7,1790.7154541015625,2024-08-10 01:00:40.456516,XGBRegressor
2024-08-09T00:00:00Z,-1.1279097306962256,36.80540084838868,-1.2069463347620175,36.9096888,20965.2,2047.6016845703125,2024-08-10 01:00:43.485801,XGBRegressor
2024-08-09T00:00:00Z,-1.175458799728333,36.79922103881837,-1.2069463347620175,36.9096888,19400.4,1858.7974853515625,2024-08-10 01:00:46.329734,XGBRegressor
2024-08-09T00:00:00Z,-1.175458799728333,36.79922103881837,-1.2069463347620175,36.9096888,19471,1858.7974853515625,2024-08-10 01:55:05.959182,XGBRegressor
2024-08-10T00:00:00Z,-1.3032036,36.6825914,-1.2739575,36.8118501,30275.7,2248.195556640625,2024-08-10 02:00:17.240709,XGBRegressor
2024-08-10T00:00:00Z,-1.3032036,36.6825914,-1.2739575,36.8118501,30275.7,2248.195556640625,2024-08-10 02:03:16.059912,XGBRegressor
2024-08-10T00:00:00Z,-1.3032036,36.6825914,-1.2739575,36.8118501,30275.7,2248.195556640625,2024-08-10 02:17:31.852145,XGBRegressor
2024-08-10T00:00:00Z,-1.3032036,36.6825914,-1.2739575,36.8118501,30275.7,2248.195556640625,2024-08-10 02:25:57.372842,XGBRegressor
2024-08-10T00:00:00Z,-1.3032036,36.6825914,-1.2739575,36.8118501,30275.7,2248.195556640625,2024-08-10 02:34:44.333119,XGBRegressor
2024-08-10T00:00:00Z,-1.3032036,36.6825914,-1.2739575,36.8118501,30275.7,2248.195556640625,2024-08-10 04:46:55.522587,XGBRegressor
2024-08-10T00:00:00Z,-1.3032036,36.6825914,-1.2739575,36.8118501,30275.7,2248.195556640625,2024-08-10 04:48:40.898553,XGBRegressor
2024-08-10T00:00:00Z,-1.3032036,36.6825914,-1.2739575,36.8118501,30275.7,2248.195556640625,2024-08-10 04:52:47.021149,XGBRegressor
2024-08-10T00:00:00Z,-1.3032036,36.6825914,-1.2739575,36.8118501,30275.7,2248.195556640625,2024-08-10 04:53:40.181433,XGBRegressor
2024-08-10T00:00:00Z,-1.3032036,36.6825914,-1.2739575,36.8118501,30275.7,2248.195556640625,2024-08-10 04:54:08.818077,XGBRegressor
2024-08-10T00:00:00Z,-1.3032036,36.6825914,-1.2739575,36.8118501,30275.7,2248.195556640625,2024-08-10 04:54:39.964806,XGBRegressor
2024-08-10T00:00:00Z,-1.3032036,36.6825914,-1.2739575,36.8118501,30275.7,2248.195556640625,2024-08-10 04:55:00.750310,XGBRegressor
2024-08-10T00:00:00Z,-1.3032036,36.6825914,-1.2739575,36.8118501,30275.7,2248.195556640625,2024-08-10 04:55:24.277585,XGBRegressor
2024-08-10T00:00:00Z,-1.3032036,36.6825914,-1.2739575,36.8118501,30275.7,2248.195556640625,2024-08-10 04:55:52.640168,XGBRegressor
2024-08-10T00:00:00Z,-1.3032036,36.6825914,-1.2739575,36.8118501,30275.7,2248.195556640625,2024-08-10 04:56:41.120565,XGBRegressor
2024-08-10T00:00:00Z,-1.3032036,36.6825914,-1.2739575,36.8118501,30275.7,2248.195556640625,2024-08-10 04:57:14.606174,XGBRegressor
2024-08-10T00:00:00Z,-1.3032036,36.6825914,-1.2739575,36.8118501,30275.7,2248.195556640625,2024-08-10 04:57:49.061144,XGBRegressor
2024-08-10T00:00:00Z,-1.3032036,36.6825914,-1.2739575,36.8118501,30275.7,2248.195556640625,2024-08-10 04:58:24.264051,XGBRegressor
2024-08-10T00:00:00Z,-1.3032036,36.6825914,-1.2739575,36.8118501,30275.7,2248.195556640625,2024-08-10 04:59:37.341599,XGBRegressor
2024-08-10T00:00:00Z,-1.3032036,36.6825914,-1.2739575,36.8118501,30275.7,2248.195556640625,2024-08-10 05:07:45.067268,XGBRegressor
2024-08-10T00:00:00Z,-1.3032036,36.6825914,-1.2739575,36.8118501,30275.7,2248.195556640625,2024-08-10 05:11:13.945531,XGBRegressor
2024-08-10T00:00:00Z,-1.3032036,36.6825914,-1.2739575,36.8118501,30275.7,2248.195556640625,2024-08-10 05:11:45.784325,XGBRegressor
2024-08-10T00:00:00Z,-1.3032036,36.6825914,-1.2739575,36.8118501,30275.7,2248.195556640625,2024-08-10 05:11:47.969325,XGBRegressor
2024-08-10T00:00:00Z,-1.3032036,36.6825914,-1.2739575,36.8118501,30275.7,2248.195556640625,2024-08-10 05:12:44.455092,XGBRegressor
2024-08-10T00:00:00Z,-1.3032036,36.6825914,-1.2739575,36.8118501,30275.7,2248.195556640625,2024-08-10 05:14:02.068273,XGBRegressor
2024-08-10T00:00:00Z,-1.3032036,36.6825914,-1.2739575,36.8118501,30275.7,2248.195556640625,2024-08-10 05:14:50.067799,XGBRegressor
2024-08-10T00:00:00Z,-1.3032036,36.6825914,-1.2739575,36.8118501,30275.7,2248.195556640625,2024-08-10 05:15:53.882264,XGBRegressor
2024-08-10T00:00:00Z,-1.3032036,36.6825914,-1.2739575,36.8118501,30275.7,2248.195556640625,2024-08-10 05:17:08.471432,XGBRegressor
2024-08-10T00:00:00Z,-1.3032036,36.6825914,-1.2739575,36.8118501,30275.7,2248.195556640625,2024-08-10 05:17:43.487345,XGBRegressor
2024-08-10T00:00:00Z,-1.3032036,36.6825914,-1.2739575,36.8118501,30275.7,2248.195556640625,2024-08-10 05:23:20.508611,XGBRegressor
2024-08-10T00:00:00Z,-1.3032036,36.6825914,-1.2739575,36.8118501,30275.7,2248.195556640625,2024-08-10 05:24:06.444294,XGBRegressor
2024-08-10T00:00:00Z,-1.3032036,36.6825914,-1.2739575,36.8118501,30275.7,2248.195556640625,2024-08-10 05:25:10.527673,XGBRegressor
2024-08-10T00:00:00Z,-1.3032036,36.6825914,-1.2739575,36.8118501,30275.7,2248.195556640625,2024-08-10 05:33:26.824242,XGBRegressor
2024-08-10T00:00:00Z,-1.3032036,36.6825914,-1.2739575,36.8118501,30275.7,2248.195556640625,2024-08-10 05:34:22.390386,XGBRegressor
2024-08-10T00:00:00Z,-1.3032036,36.6825914,-1.2739575,36.8118501,30275.7,2248.195556640625,2024-08-10 05:34:48.686001,XGBRegressor
2024-08-10T00:00:00Z,-1.3032036,36.6825914,-1.2739575,36.8118501,30275.7,2248.195556640625,2024-08-10 05:37:05.399326,XGBRegressor
2024-08-10T00:00:00Z,-1.3032036,36.6825914,-1.2739575,36.8118501,30275.7,2248.195556640625,2024-08-10 05:37:27.662683,XGBRegressor
2024-08-10T00:00:00Z,-1.3032036,36.6825914,-1.2739575,36.8118501,30275.7,2248.195556640625,2024-08-10 05:38:10.579333,XGBRegressor
2024-08-10T00:00:00Z,-1.3032036,36.6825914,-1.2739575,36.8118501,30275.7,2248.195556640625,2024-08-10 05:38:58.529622,XGBRegressor
2024-08-10T00:00:00Z,-1.3032036,36.6825914,-1.2739575,36.8118501,30275.7,2248.195556640625,2024-08-10 05:39:55.802412,XGBRegressor
2024-08-10T00:00:00Z,-1.3032036,36.6825914,-1.2739575,36.8118501,30275.7,2248.195556640625,2024-08-10 05:52:19.046686,XGBRegressor
2024-08-10T00:00:00Z,-1.3032036,36.6825914,-1.2739575,36.8118501,30275.7,2248.195556640625,2024-08-10 05:53:13.462921,XGBRegressor
2024-08-10T00:00:00Z,-1.3032036,36.6825914,-1.2739575,36.8118501,30275.7,2248.195556640625,2024-08-10 05:53:54.617689,XGBRegressor
2024-08-10T00:00:00Z,-1.3032036,36.6825914,-1.2739575,36.8118501,30275.7,2248.195556640625,2024-08-10 05:55:02.187459,XGBRegressor
2024-08-10T00:00:00Z,-1.3032036,36.6825914,-1.2739575,36.8118501,30275.7,2248.195556640625,2024-08-10 05:56:36.306680,XGBRegressor
2024-08-10T00:00:00Z,-1.3032036,36.6825914,-1.2739575,36.8118501,30275.7,2248.195556640625,2024-08-10 05:57:27.182927,XGBRegressor
2024-08-10T00:00:00Z,-1.3032036,36.6825914,-1.2739575,36.8118501,30275.7,2248.195556640625,2024-08-10 05:57:48.751982,XGBRegressor
2024-08-10T00:00:00Z,-1.3032036,36.6825914,-1.2739575,36.8118501,30275.7,2248.195556640625,2024-08-10 05:58:48.270546,XGBRegressor
2024-08-10T00:00:00Z,-1.2801440285719086,36.684894561767585,-1.2739575,36.8118501,19549.8,1649.6002197265625,2024-08-10 05:59:30.414458,XGBRegressor
2024-08-10T00:00:00Z,-1.2801440285719086,36.684894561767585,-1.2638402163901739,36.80866241455079,18955.2,1827.345703125,2024-08-10 05:59:34.704826,XGBRegressor
2024-08-10T00:00:00Z,-1.3032036,36.6825914,-1.2739575,36.8118501,30275.7,2248.195556640625,2024-08-10 06:21:32.986965,XGBRegressor
2024-08-10T00:00:00Z,-1.3032036,36.6825914,-1.2739575,36.8118501,30275.7,2248.195556640625,2024-08-10 06:27:10.609698,XGBRegressor
2024-08-10T00:00:00Z,-1.2902741129989992,36.6830062866211,-1.2739575,36.8118501,28070.1,2311.299072265625,2024-08-10 06:27:18.727525,XGBRegressor
2024-08-10T00:00:00Z,-1.3032036,36.6825914,-1.2739575,36.8118501,30275.7,2248.195556640625,2024-08-10 06:27:36.471580,XGBRegressor
2024-08-10T00:00:00Z,-1.3032036,36.6825914,-1.2739575,36.8118501,30275.7,2248.195556640625,2024-08-10 06:29:22.494797,XGBRegressor
2024-08-10T00:00:00Z,-1.3032036,36.6825914,-1.2739575,36.8118501,30275.7,2248.195556640625,2024-08-10 06:29:24.724339,XGBRegressor
2024-08-10T00:00:00Z,-1.2935336819505119,36.68455123901368,-1.2739575,36.8118501,28781.6,2289.66650390625,2024-08-10 06:29:48.348109,XGBRegressor
2024-08-10T00:00:00Z,-1.3032036,36.6825914,-1.2739575,36.8118501,30275.7,2248.195556640625,2024-08-10 06:30:47.689166,XGBRegressor
2024-08-10T00:00:00Z,-1.293019013446838,36.69210433959962,-1.2739575,36.8118501,21425.5,1620.2279052734375,2024-08-10 06:30:55.372282,XGBRegressor
2024-08-10T00:00:00Z,-1.3032036,36.6825914,-1.2739575,36.8118501,30275.7,2248.195556640625,2024-08-10 06:31:36.831780,XGBRegressor
2024-08-10T00:00:00Z,-1.3032036,36.6825914,-1.2739575,36.8118501,30275.7,2248.195556640625,2024-08-10 06:32:09.052084,XGBRegressor
2024-08-10T00:00:00Z,-1.3032036,36.6825914,-1.2739575,36.8118501,30275.7,2248.195556640625,2024-08-10 06:53:19.819876,XGBRegressor
2024-08-10T00:00:00Z,-1.3032036,36.6825914,-1.2739575,36.8118501,30275.7,2248.195556640625,2024-08-10 06:54:33.780416,XGBRegressor
2024-08-10T00:00:00Z,-1.2127270365248108,36.71356201171876,-1.2739575,36.8118501,16163.8,1582.31396484375,2024-08-10 06:54:49.923960,XGBRegressor
2024-08-10T00:00:00Z,-1.3032036,36.6825914,-1.2739575,36.8118501,30275.7,2248.195556640625,2024-08-10 06:54:52.274297,XGBRegressor
2024-08-10T00:00:00Z,-1.2377755661610916,36.70480728149415,-1.2739575,36.8118501,15709.4,1560.776611328125,2024-08-10 06:55:05.758887,XGBRegressor
2024-08-10T00:00:00Z,-1.3032036,36.6825914,-1.2739575,36.8118501,30275.7,2248.195556640625,2024-08-10 06:55:07.944834,XGBRegressor
2024-08-10T00:00:00Z,-1.3032036,36.6825914,-1.2739575,36.8118501,30275.7,2248.195556640625,2024-08-10 06:55:34.274873,XGBRegressor
2024-08-10T00:00:00Z,-1.257333842852575,36.72248840332032,-1.2739575,36.8118501,11829.1,1272.27685546875,2024-08-10 06:55:44.443979,XGBRegressor
2024-08-10T00:00:00Z,-1.3032036,36.6825914,-1.2739575,36.8118501,30275.7,2248.195556640625,2024-08-10 06:55:46.412234,XGBRegressor
2024-08-10T00:00:00Z,-1.3032036,36.6825914,-1.2739575,36.8118501,30275.7,2248.195556640625,2024-08-10 06:57:57.635813,XGBRegressor
2024-08-10T00:00:00Z,-1.3032036,36.6825914,-1.2739575,36.8118501,30275.7,2248.195556640625,2024-08-10 06:58:24.994561,XGBRegressor
2024-08-10T00:00:00Z,-1.3032036,36.6825914,-1.2739575,36.8118501,30275.7,2248.195556640625,2024-08-10 06:59:09.230782,XGBRegressor
2024-08-10T00:00:00Z,-1.2183887109319589,36.725578308105476,-1.2739575,36.8118501,14659.1,1666.1309814453125,2024-08-10 06:59:26.563158,XGBRegressor
2024-08-10T00:00:00Z,-1.3032036,36.6825914,-1.2739575,36.8118501,30275.7,2248.195556640625,2024-08-10 06:59:28.209229,XGBRegressor
2024-08-10T00:00:00Z,-1.3032036,36.6825914,-1.2739575,36.8118501,30275.7,2248.195556640625,2024-08-10 07:20:24.741010,XGBRegressor
2024-08-10T00:00:00Z,-1.3032036,36.6825914,-1.2739575,36.8118501,30275.7,2248.195556640625,2024-08-10 08:25:32.067787,XGBRegressor
2024-08-10T00:00:00Z,-1.3032036,36.6825914,-1.2739575,36.8118501,30275.7,2248.195556640625,2024-08-10 08:27:50.566361,XGBRegressor
2024-08-10T00:00:00Z,-1.3032036,36.6825914,-1.2739575,36.8118501,30275.7,2248.195556640625,2024-08-10 08:29:35.751549,XGBRegressor
2024-08-10T00:00:00Z,-1.3032036,36.6825914,-1.2739575,36.8118501,30275.7,2248.195556640625,2024-08-10 08:29:58.189047,XGBRegressor
2024-08-10T00:00:00Z,-1.3032036,36.6825914,-1.2739575,36.8118501,30275.7,2248.195556640625,2024-08-10 08:38:10.125708,XGBRegressor
2024-08-10T00:00:00Z,-1.2573318688925188,36.73278808593751,-1.2739575,36.8118501,12705.4,1684.4033203125,2024-08-10 08:38:49.128323,XGBRegressor
2024-08-10T00:00:00Z,-1.3032036,36.6825914,-1.2739575,36.8118501,30275.7,2248.195556640625,2024-08-10 08:43:14.299165,XGBRegressor
2024-08-10T00:00:00Z,-1.2279931353600209,36.698627471923835,-1.2739575,36.8118501,16062.3,1561.5941162109375,2024-08-10 08:43:36.643750,XGBRegressor
2024-08-10T00:00:00Z,-1.3032036,36.6825914,-1.2739575,36.8118501,30275.7,2248.195556640625,2024-08-10 08:48:01.141625,XGBRegressor
2024-08-10T00:00:00Z,-1.2032865833452848,36.759567260742195,-1.2739575,36.8118501,13725.1,1796.5091552734375,2024-08-10 08:48:08.710935,XGBRegressor
2024-08-10T00:00:00Z,-1.200426822924041,36.79012298583985,-1.2739575,36.8118501,13240.0,2102.8544921875,2024-08-10 08:48:24.408470,XGBRegressor
2024-08-10T00:00:00Z,-1.3032036,36.6825914,-1.2739575,36.8118501,30275.7,2248.195556640625,2024-08-10 08:52:01.144916,XGBRegressor
2024-08-10T00:00:00Z,-1.2050023234074223,36.784801483154304,-1.2739575,36.8118501,12320.7,1765.6004638671875,2024-08-10 08:52:06.139682,XGBRegressor
2024-08-10T00:00:00Z,-1.3032036,36.6825914,-1.2739575,36.8118501,30275.7,2248.195556640625,2024-08-10 08:56:42.125278,XGBRegressor
2024-08-10T00:00:00Z,-1.2056886191297886,36.82737350463868,-1.2739575,36.8118501,15347.4,1848.7464599609375,2024-08-10 08:56:46.990389,XGBRegressor
2024-08-10T00:00:00Z,-1.3032036,36.6825914,-1.2739575,36.8118501,30275.7,2248.195556640625,2024-08-10 08:57:19.686314,XGBRegressor
2024-08-10T00:00:00Z,-1.3032036,36.6825914,-1.2739575,36.8118501,30275.7,2248.195556640625,2024-08-10 09:00:52.801043,XGBRegressor
2024-08-10T00:00:00Z,-1.207232783872329,36.79681777954102,-1.2739575,36.8118501,18120.3,2039.7274169921875,2024-08-10 09:00:57.623056,XGBRegressor
2024-08-10T00:00:00Z,-1.3032036,36.6825914,-1.2739575,36.8118501,30275.7,2248.195556640625,2024-08-10 09:03:00.427472,XGBRegressor
2024-08-10T00:00:00Z,-1.2176987661768903,36.76815032958985,-1.2739575,36.8118501,11947.2,1457.3206787109375,2024-08-10 09:03:08.395018,XGBRegressor
2024-08-10T00:00:00Z,-1.3032036,36.6825914,-1.2739575,36.8118501,30275.7,2248.195556640625,2024-08-10 09:05:39.152886,XGBRegressor
2024-08-10T00:00:00Z,-1.2075759314738517,36.77209854125977,-1.2739575,36.8118501,13126.2,1555.254638671875,2024-08-10 09:05:43.600664,XGBRegressor
2024-08-10T00:00:00Z,-1.200084910976205,36.82333946228028,-1.2739575,36.8118501,16497.7,1912.3221435546875,2024-08-10 09:05:54.353503,XGBRegressor
2024-08-10T00:00:00Z,-1.3032036,36.6825914,-1.2739575,36.8118501,30275.7,2248.195556640625,2024-08-10 09:13:41.058284,XGBRegressor
2024-08-10T00:00:00Z,-1.3032036,36.6825914,-1.2739575,36.8118501,30275.7,2248.195556640625,2024-08-10 09:13:42.784383,XGBRegressor
2024-08-10T00:00:00Z,-1.2128947137499875,36.82239532470704,-1.2739575,36.8118501,15442.9,1848.7464599609375,2024-08-10 09:13:47.591045,XGBRegressor
2024-08-10T00:00:00Z,-1.3032036,36.6825914,-1.2739575,36.8118501,30275.7,2248.195556640625,2024-08-10 09:15:59.776790,XGBRegressor
2024-08-10T00:00:00Z,-1.2132378606351348,36.83063507080079,-1.2739575,36.8118501,14198.7,2032.469482421875,2024-08-10 09:16:03.594644,XGBRegressor
2024-08-10T00:00:00Z,-1.3032036,36.6825914,-1.2739575,36.8118501,30275.7,2248.195556640625,2024-08-10 09:16:32.139825,XGBRegressor
2024-08-10T00:00:00Z,-1.2127231402910912,36.81329727172852,-1.2739575,36.8118501,16359.7,1978.087158203125,2024-08-10 09:16:36.234624,XGBRegressor
2024-08-10T00:00:00Z,-1.3032036,36.6825914,-1.2739575,36.8118501,30275.7,2248.195556640625,2024-08-10 09:28:42.621709,XGBRegressor
2024-08-10T00:00:00Z,-1.2170124734964574,36.77673339843751,-1.2739575,36.8118501,10882.8,1428.6334228515625,2024-08-10 09:28:48.346174,XGBRegressor
2024-08-10T00:00:00Z,-1.3032036,36.6825914,-1.2739575,36.8118501,30275.7,2248.195556640625,2024-08-10 09:29:19.811754,XGBRegressor
2024-08-10T00:00:00Z,-1.3032036,36.6825914,-1.2739575,36.81185,30275.7,2248.195556640625,2024-08-10 09:29:54.365828,XGBRegressor
2024-08-10T00:00:00Z,-1.3032036,36.6825914,-1.2739575,36.9096888,33237.6,2338.11279296875,2024-08-10 09:31:12.501940,XGBRegressor
2024-08-10T00:00:00Z,-1.3032036,36.6825914,-0.8995204,36.9096888,92475.0,2972.66845703125,2024-08-10 09:31:14.928219,XGBRegressor
2024-08-10T00:00:00Z,-1.3032036,36.6825914,-1.2739575,36.8118501,30275.7,2248.195556640625,2024-08-10 09:31:27.332167,XGBRegressor
2024-08-10T00:00:00Z,-1.3032036,36.6825914,-1.2739575,36.8118501,30275.7,2248.195556640625,2024-08-10 09:31:35.315324,XGBRegressor
2024-08-10T00:00:00Z,-1.3032036,36.6825914,-1.2739575,36.8118501,30271,2248.195556640625,2024-08-10 09:31:39.251510,XGBRegressor
2024-08-10T00:00:00Z,-1.3032036,36.6825914,-1.2739575,36.8118501,30261,2248.195556640625,2024-08-10 09:31:40.699399,XGBRegressor
2024-08-10T00:00:00Z,-1.3032036,36.6825914,-1.2739575,36.8118501,30275.7,2248.195556640625,2024-08-10 09:31:42.211939,XGBRegressor
2024-08-10T00:00:00Z,7.447112616557192,35.59570312500001,-1.2739575,36.8118501,1446155.4,4159.216796875,2024-08-10 09:31:53.210885,XGBRegressor
2024-08-10T00:00:00Z,-1.3032036,36.6825914,-1.2739575,36.8118501,30275.7,2248.195556640625,2024-08-10 09:32:13.722519,XGBRegressor
2024-08-10T00:00:00Z,-1.3032036,36.6825914,-1.2739575,36.8118501,30275.7,2248.195556640625,2024-08-10 09:34:54.232422,XGBRegressor
2024-08-10T00:00:00Z,-1.2664250939961246,36.69021606445313,-1.2739575,36.8118501,15881.6,1728.9835205078125,2024-08-10 09:34:59.097832,XGBRegressor
2024-08-10T00:00:00Z,-1.1880058644837717,36.70274734497071,-1.2739575,36.8118501,23382.1,1923.9996337890625,2024-08-10 09:35:03.057558,XGBRegressor
2024-08-10T00:00:00Z,-1.3032036,36.6825914,-1.2739575,36.8118501,30275.7,2248.195556640625,2024-08-10 09:39:54.098035,XGBRegressor
2024-08-10T00:00:00Z,-1.2082622265468632,36.79681777954102,-1.2739575,36.8118501,14046.7,2127.74267578125,2024-08-10 09:40:00.292722,XGBRegressor
2024-08-10T00:00:00Z,-1.2027445085810615,36.842737197875984,-1.2739575,36.8118501,16576.0,1912.7987060546875,2024-08-10 09:40:03.574686,XGBRegressor
2024-08-10T00:00:00Z,0.15456,37.908383,-1.2739575,36.8118501,265314.5,4090.07470703125,2024-08-10 09:40:12.373199,XGBRegressor
2024-08-10T00:00:00Z,-1.3032036,36.6825914,-1.2739575,36.8118501,30275.7,2248.195556640625,2024-08-10 09:40:18.507326,XGBRegressor
2024-08-10T00:00:00Z,-1.3032036,36.6825914,-1.2739575,36.8118501,30275.7,2248.195556640625,2024-08-10 09:59:19.861408,XGBRegressor
2024-08-10T00:00:00Z,-1.241547327596531,36.70583724975587,-1.2739575,36.8118501,14335.2,1502.6383056640625,2024-08-10 09:59:23.988120,XGBRegressor
2024-08-10T00:00:00Z,-1.179076777258127,36.80334091186524,-1.2739575,36.8118501,22929.6,2002.754150390625,2024-08-10 09:59:27.472862,XGBRegressor
2024-08-10T00:00:00Z,-1.3032036,36.6825914,-1.2739575,36.8118501,30275.7,2248.195556640625,2024-08-10 10:05:38.009271,XGBRegressor
2024-08-10T00:00:00Z,-1.2144388743903374,36.79990768432618,-1.2739575,36.8118501,10377.8,1532.8798828125,2024-08-10 10:05:42.238174,XGBRegressor
2024-08-10T00:00:00Z,-1.3032036,36.6825914,-1.2739575,36.8118501,30275.7,2248.195556640625,2024-08-10 10:09:43.624780,XGBRegressor
2024-08-10T00:00:00Z,-1.2482386121143034,36.73587799072266,-1.2739575,36.8118501,13174.6,1835.4429931640625,2024-08-10 10:09:47.124305,XGBRegressor
2024-08-10T00:00:00Z,-1.3032036,36.6825914,-1.2739575,36.8118501,30275.7,2248.195556640625,2024-08-10 10:10:08.565936,XGBRegressor
2024-08-10T00:00:00Z,-1.2600769968003083,36.72094345092774,-1.2739575,36.8118501,10882.9,1121.5931396484375,2024-08-10 10:10:12.440866,XGBRegressor
2024-08-10T00:00:00Z,-1.3032036,36.6825914,-1.2739575,36.8118501,30275.7,2248.195556640625,2024-08-10 10:10:13.940982,XGBRegressor
2024-08-10T00:00:00Z,-1.2226743828782145,36.799736022949226,-1.2739575,36.8118501,7867.7,1269.2529296875,2024-08-10 10:10:17.821223,XGBRegressor
2024-08-10T00:00:00Z,-1.3032036,36.6825914,-1.2739575,36.8118501,30275.7,2248.195556640625,2024-08-10 10:10:20.046695,XGBRegressor
2024-08-10T00:00:00Z,-1.3032036,36.6825914,-1.2739575,36.8118501,30275.7,2248.195556640625,2024-08-10 10:17:43.128651,XGBRegressor
2024-08-10T00:00:00Z,-1.2298804320860974,36.76214218139649,-1.2739575,36.8118501,8710.4,1251.9375,2024-08-10 10:17:47.823701,XGBRegressor
2024-08-10T00:00:00Z,-1.3032036,36.6825914,-1.2739575,36.8118501,30275.7,2248.195556640625,2024-08-10 10:23:16.757416,XGBRegressor
2024-08-10T00:00:00Z,-1.2089485214465474,36.771068572998054,-1.2739575,36.8118501,13063.5,1529.4615478515625,2024-08-10 10:23:20.509823,XGBRegressor
2024-08-10T00:00:00Z,-1.3032036,36.6825914,-1.2739575,36.8118501,30275.7,2248.195556640625,2024-08-10 10:23:22.761241,XGBRegressor
2024-08-10T00:00:00Z,-1.2116936993094263,36.77158355712891,-1.2739575,36.8118501,11868.9,1445.2916259765625,2024-08-10 10:23:26.916097,XGBRegressor
2024-08-10T00:00:00Z,-1.3032036,36.6825914,-1.2739575,36.8118501,30275.7,2248.195556640625,2024-08-10 10:23:28.162943,XGBRegressor
2024-08-10T00:00:00Z,-1.3032036,36.6825914,-1.2739575,36.8118501,30275.7,2248.195556640625,2024-08-10 10:23:36.119665,XGBRegressor
2024-08-10T00:00:00Z,-1.3032036,36.6825914,-1.2739575,36.8118501,30275.7,2248.195556640625,2024-08-10 10:47:45.927636,XGBRegressor
2024-08-10T00:00:00Z,-1.2254217231944835,36.75064086914063,-1.2739575,36.8118501,10332.3,1438.423095703125,2024-08-10 10:47:54.003267,XGBRegressor
2024-08-10T00:00:00Z,-1.3032036,36.6825914,-1.2739575,36.8118501,30275.7,2248.195556640625,2024-08-10 10:47:56.519179,XGBRegressor
2024-08-10T00:00:00Z,-1.3032036,36.6825914,-1.2739575,36.8118501,30275.7,2248.195556640625,2024-08-10 10:48:18.687532,XGBRegressor
2024-08-10T00:00:00Z,-1.3032036,36.6825914,-1.2739575,36.8118501,30275.7,2248.195556640625,2024-08-10 10:49:38.458178,XGBRegressor
2024-08-10T00:00:00Z,-1.3032036,36.6825914,-1.2739575,36.8118501,30275.7,2248.195556640625,2024-08-10 10:49:49.963036,XGBRegressor
2024-08-10T00:00:00Z,-1.3032036,36.6825914,-1.2739575,36.8118501,30275.7,2248.195556640625,2024-08-10 10:56:59.218604,XGBRegressor
2024-08-10T00:00:00Z,-1.2585341118550857,36.73965454101563,-1.2739575,36.8118501,9422.6,1273.8427734375,2024-08-10 10:57:07.480558,XGBRegressor
2024-08-10T00:00:00Z,-1.3032036,36.6825914,-1.2739575,36.8118501,30275.7,2248.195556640625,2024-08-10 10:57:10.305898,XGBRegressor
2024-08-10T00:00:00Z,-1.3032036,36.6825914,-1.2739575,36.8118501,30275.7,2248.195556640625,2024-08-10 10:57:29.999065,XGBRegressor
2024-08-10T00:00:00Z,-1.3032036,36.6825914,-1.2739575,36.8118501,30275.7,2248.195556640625,2024-08-10 11:20:36.825838,XGBRegressor
2024-08-10T00:00:00Z,-1.3032036,36.6825914,-1.2357054777947696,36.816215515136726,34455.9,2523.17578125,2024-08-10 11:21:08.579534,XGBRegressor
2024-08-10T00:00:00Z,-1.3032036,36.6825914,-1.2739575,36.8118501,30275.7,2248.195556640625,2024-08-10 11:21:13.940036,XGBRegressor
2024-08-10T00:00:00Z,-1.3032036,36.6825914,-1.2739575,36.8118501,30275.7,2248.195556640625,2024-08-10 11:21:28.128858,XGBRegressor
2024-08-10T00:00:00Z,-1.3032036,36.6825914,-1.2739575,36.8118501,30275.7,2248.195556640625,2024-08-10 11:23:37.228787,XGBRegressor
2024-08-10T00:00:00Z,-1.3032036,36.6825914,-1.222494401548033,36.7928695678711,31651.2,2016.694580078125,2024-08-10 11:23:45.848554,XGBRegressor
2024-08-10T00:00:00Z,-1.3032036,36.6825914,-1.2739575,36.8118501,30275.7,2248.195556640625,2024-08-10 11:23:49.387702,XGBRegressor
2024-08-10T00:00:00Z,-1.3032036,36.6825914,-1.2739575,36.8118501,30275.7,2248.195556640625,2024-08-10 11:24:19.054615,XGBRegressor
2024-08-10T00:00:00Z,-1.3032036,36.6825914,-1.2739575,36.8118501,30275.7,2248.195556640625,2024-08-10 11:25:54.172464,XGBRegressor
2024-08-10T00:00:00Z,-1.3032036,36.6825914,-1.1916111137925989,36.824455261230476,35508.0,2523.17578125,2024-08-10 11:26:05.958082,XGBRegressor
2024-08-10T00:00:00Z,-1.3032036,36.6825914,-1.2739575,36.8118501,30275.7,2248.195556640625,2024-08-10 11:26:12.125168,XGBRegressor
2024-08-10T00:00:00Z,-1.3032036,36.6825914,-1.2739575,36.8118501,30275.7,2248.195556640625,2024-08-10 11:26:34.695675,XGBRegressor
2024-08-10T00:00:00Z,-1.3032036,36.6825914,-1.2739575,36.8118501,30275.7,2248.195556640625,2024-08-10 11:26:53.987980,XGBRegressor
2024-08-10T00:00:00Z,-1.3032036,36.6825914,-1.2739575,36.8118501,30275.7,2248.195556640625,2024-08-10 11:30:39.385403,XGBRegressor
2024-08-10T00:00:00Z,-1.2286794252329019,36.71665191650391,-1.2739575,36.8118501,15054.6,1504.7021484375,2024-08-10 11:30:48.178246,XGBRegressor
2024-08-10T00:00:00Z,-1.3032036,36.6825914,-1.2739575,36.8118501,30275.7,2248.195556640625,2024-08-10 11:30:51.177904,XGBRegressor
2024-08-10T00:00:00Z,-1.242748328631474,36.698112487792976,-1.2739575,36.8118501,15230.2,1536.0408935546875,2024-08-10 11:30:55.882099,XGBRegressor
2024-08-10T00:00:00Z,-1.3032036,36.6825914,-1.2739575,36.8118501,30275.7,2248.195556640625,2024-08-10 11:30:57.831853,XGBRegressor
2024-08-10T00:00:00Z,-1.2382874648957307,36.71321868896485,-1.2739575,36.8118501,14099.6,1456.050537109375,2024-08-10 11:31:09.443968,XGBRegressor
2024-08-10T00:00:00Z,-1.3032036,36.6825914,-1.2739575,36.8118501,30275.7,2248.195556640625,2024-08-10 11:31:16.996038,XGBRegressor
2024-08-10T00:00:00Z,-1.3032036,36.6825914,-1.2739575,36.8118501,30275.7,2248.195556640625,2024-08-10 11:37:13.616211,XGBRegressor
2024-08-10T00:00:00Z,-1.2267921276585843,36.76042556762696,-1.2739575,36.8118501,9095.0,1278.6177978515625,2024-08-10 11:37:18.368550,XGBRegressor
2024-08-10T00:00:00Z,-1.3032036,36.6825914,-1.2739575,36.8118501,30275.7,2248.195556640625,2024-08-10 11:37:20.382926,XGBRegressor
2024-08-10T00:00:00Z,-1.27466044015017,36.691417694091804,-1.2739575,36.8118501,17657.3,1763.36328125,2024-08-10 11:37:23.226739,XGBRegressor
2024-08-10T00:00:00Z,-1.3032036,36.6825914,-1.2739575,36.8118501,30275.7,2248.195556640625,2024-08-10 11:37:33.776223,XGBRegressor
2024-08-10T00:00:00Z,-1.3032036,36.6825914,-1.2739575,36.8118501,30275.7,2248.195556640625,2024-08-10 11:37:54.204290,XGBRegressor
2024-08-10T00:00:00Z,-1.3032036,36.6825914,-1.2739575,36.8118501,30275.7,2248.195556640625,2024-08-10 11:37:58.880375,XGBRegressor
2024-08-10T00:00:00Z,-1.3032036,36.6825914,-1.2739575,36.8118501,30275.7,2248.195556640625,2024-08-10 11:38:44.472698,XGBRegressor
2024-08-10T00:00:00Z,-1.3032036,36.6825914,-1.2235238384051548,36.80110931396485,29216.1,2007.029541015625,2024-08-10 11:38:52.815815,XGBRegressor
2024-08-10T00:00:00Z,-1.3032036,36.6825914,-1.2739575,36.8118501,30275.7,2248.195556640625,2024-08-10 11:38:54.174006,XGBRegressor
2024-08-10T00:00:00Z,-1.3032036,36.6825914,-1.2739575,36.8118501,30275.7,2248.195556640625,2024-08-10 11:38:59.917342,XGBRegressor
2024-08-10T00:00:00Z,-1.3032036,36.6825914,-1.2739575,36.8118501,30275.7,2248.195556640625,2024-08-10 11:42:18.231868,XGBRegressor
2024-08-10T00:00:00Z,-1.3032036,36.6825914,-1.2099695549379577,36.80505752563477,28758.8,2296.6904296875,2024-08-10 11:42:27.637107,XGBRegressor
2024-08-10T00:00:00Z,-1.3032036,36.6825914,-1.2739575,36.8118501,30275.7,2248.195556640625,2024-08-10 11:42:28.192067,XGBRegressor
2024-08-10T00:00:00Z,-1.3032036,36.6825914,-1.2739575,36.8118501,30275.7,2248.195556640625,2024-08-10 11:42:42.452855,XGBRegressor
2024-08-10T00:00:00Z,-1.3032036,36.6825914,-1.2739575,36.8118501,30275.7,2248.195556640625,2024-08-10 11:49:32.228258,XGBRegressor
2024-08-10T00:00:00Z,-1.3032036,36.6825914,-1.2739575,36.8118501,30275.7,2248.195556640625,2024-08-10 11:53:02.509853,XGBRegressor
2024-08-10T00:00:00Z,-1.3032036,36.6825914,-1.2192345155648856,36.80042266845704,28845.9,2023.77783203125,2024-08-10 11:53:09.172977,XGBRegressor
2024-08-10T00:00:00Z,-1.3032036,36.6825914,-1.2266821546264286,36.72514915466309,17155.1,1145.0989990234375,2024-08-10 11:53:12.693940,XGBRegressor
2024-08-10T00:00:00Z,-1.3032036,36.6825914,-1.2739575,36.8118501,30275.7,2248.195556640625,2024-08-10 11:53:15.474304,XGBRegressor
2024-08-10T00:00:00Z,-1.3032036,36.6825914,-1.2739575,36.8118501,30275.7,2248.195556640625,2024-08-10 11:53:25.026550,XGBRegressor
2024-08-10T00:00:00Z,-1.3032036,36.6825914,-1.2739575,36.8118501,30275.7,2248.195556640625,2024-08-10 11:56:14.553232,XGBRegressor
2024-08-10T00:00:00Z,-1.3032036,36.9096888,-1.2739575,36.8118501,24443.9,2245.502685546875,2024-08-10 11:56:20.194509,XGBRegressor
2024-08-10T00:00:00Z,-1.3032036,36.6825914,-1.2739575,36.8118501,30275.7,2248.195556640625,2024-08-10 12:55:03.608328,XGBRegressor
2024-08-10T00:00:00Z,-1.2293657149294657,36.69897079467774,-1.2739575,36.8118501,16660.4,1546.0477294921875,2024-08-10 12:55:08.413898,XGBRegressor
2024-08-10T00:00:00Z,-1.1662050681972858,36.827201843261726,-1.2739575,36.8118501,20221.9,1891.708740234375,2024-08-10 12:55:13.844907,XGBRegressor
2024-08-10T00:00:00Z,-1.3032036,36.6825914,-1.2739575,36.8118501,30275.7,2248.195556640625,2024-08-10 12:55:16.519414,XGBRegressor
2024-08-10T00:00:00Z,-1.3032036,36.6825914,-1.2739575,36.8118501,30275.7,2248.195556640625,2024-08-10 12:55:28.190445,XGBRegressor
2024-08-10T00:00:00Z,-1.3032036,36.6825914,-1.2739575,36.8118501,30275.7,2248.195556640625,2024-08-10 12:57:22.964740,XGBRegressor
2024-08-10T00:00:00Z,-1.3032036,36.6825914,-1.2739575,36.8118501,30275.7,2248.195556640625,2024-08-10 13:00:48.364323,XGBRegressor
2024-08-10T00:00:00Z,-1.3032036,36.6825914,-1.2398232024468718,36.786518096923835,24171.1,1552.1275634765625,2024-08-10 13:00:52.397480,XGBRegressor
2024-08-10T00:00:00Z,-1.3032036,36.6825914,-1.2350093468937962,36.727123260498054,17669.9,1247.2218017578125,2024-08-10 13:00:55.265238,XGBRegressor
2024-08-10T00:00:00Z,-1.3032036,36.6825914,-1.2739575,36.8118501,30275.7,2248.195556640625,2024-08-10 13:01:01.715347,XGBRegressor
2024-08-10T00:00:00Z,-1.3032036,36.6825914,-1.2739575,36.8118501,30275.7,2248.195556640625,2024-08-10 13:01:12.902097,XGBRegressor
2024-08-10T00:00:00Z,-1.3032036,36.6825914,-1.2739575,36.8118501,30275.7,2248.195556640625,2024-08-10 13:02:52.487140,XGBRegressor
2024-08-10T00:00:00Z,-1.2619642705591159,36.69330596923829,-1.2739575,36.8118501,15419.6,1563.1094970703125,2024-08-10 13:02:55.454723,XGBRegressor
2024-08-10T00:00:00Z,-1.2326137178075556,36.7324447631836,-1.2739575,36.8118501,12972.2,1681.5767822265625,2024-08-10 13:02:58.467404,XGBRegressor
2024-08-10T00:00:00Z,-1.3032036,36.6825914,-1.2739575,36.8118501,30275.7,2248.195556640625,2024-08-10 13:02:59.961264,XGBRegressor
2024-08-10T00:00:00Z,-1.3032036,36.6825914,-1.2739575,36.8118501,30275.7,2248.195556640625,2024-08-10 13:03:10.116980,XGBRegressor
2024-08-10T00:00:00Z,-1.3032036,36.6825914,-1.2739575,36.8118501,30275.7,2248.195556640625,2024-08-10 13:06:12.129723,XGBRegressor
2024-08-10T00:00:00Z,-1.3032036,36.6825914,-1.2447987778544312,36.77862167358399,23242.0,1668.1143798828125,2024-08-10 13:06:16.038222,XGBRegressor
2024-08-10T00:00:00Z,-1.3032036,36.6825914,-1.242045225528559,36.699657440185554,13701.2,1078.7432861328125,2024-08-10 13:06:19.390901,XGBRegressor
2024-08-10T00:00:00Z,-1.3032036,36.6825914,-1.2739575,36.8118501,30275.7,2248.195556640625,2024-08-10 13:06:20.577716,XGBRegressor
2024-08-10T00:00:00Z,-1.3032036,36.6825914,-1.2739575,36.8118501,30275.7,2248.195556640625,2024-08-10 13:06:30.214063,XGBRegressor
2024-08-10T00:00:00Z,-1.3032036,36.6825914,-1.2739575,36.8118501,30275.7,2248.195556640625,2024-08-10 17:18:17.716332,XGBRegressor
2024-08-10T00:00:00Z,-1.25492987960504,36.68729782104493,-1.2739575,36.8118501,14962.1,1575.412109375,2024-08-10 17:18:24.572830,XGBRegressor
2024-08-10T00:00:00Z,-1.3032036,36.6825914,-1.2739575,36.8118501,30275.7,2248.195556640625,2024-08-10 17:18:28.015581,XGBRegressor
2024-08-10T00:00:00Z,-1.261449559669742,36.69605255126954,-1.2739575,36.8118501,14979.1,1540.4000244140625,2024-08-10 17:18:31.857639,XGBRegressor
2024-08-10T00:00:00Z,-1.3032036,36.6825914,-1.2739575,36.8118501,30275.7,2248.195556640625,2024-08-10 17:18:41.435645,XGBRegressor
2024-08-10T00:00:00Z,-1.3032036,36.6825914,-1.2739575,36.8118501,30275.7,2248.195556640625,2024-08-10 17:22:55.852514,XGBRegressor
2024-08-10T00:00:00Z,-1.3032036,36.6825914,-1.2118568643066119,36.792011260986335,27067.6,1908.950439453125,2024-08-10 17:23:05.771185,XGBRegressor
2024-08-10T00:00:00Z,-1.3032036,36.6825914,-1.2739575,36.8118501,30275.7,2248.195556640625,2024-08-10 17:23:08.493386,XGBRegressor
2024-08-10T00:00:00Z,-1.3032036,36.6825914,-1.2739575,36.8118501,30275.7,2248.195556640625,2024-08-10 17:23:19.553333,XGBRegressor
2024-08-10T00:00:00Z,-1.3032036,36.6825914,-1.2739575,36.8118501,30275.7,2248.195556640625,2024-08-10 17:23:29.872288,XGBRegressor
2024-08-10T00:00:00Z,-1.3032036,36.6825914,-1.2739575,36.8118501,30275.7,2248.195556640625,2024-08-10 17:23:51.654659,XGBRegressor
2024-08-10T00:00:00Z,-1.3032036,36.6825914,-1.2739575,36.8118501,30275.7,2248.195556640625,2024-08-10 17:23:59.159934,XGBRegressor
2024-08-10T00:00:00Z,-1.3032036,36.6825914,-1.2739575,36.8118501,30275.7,2248.195556640625,2024-08-10 17:24:18.558719,XGBRegressor
2024-08-10T00:00:00Z,-1.3032036,36.6825914,-1.2739575,36.8118501,30275.7,2248.195556640625,2024-08-10 17:25:23.837098,XGBRegressor
2024-08-10T00:00:00Z,-1.3032036,36.6825914,-1.2739575,36.8118501,30275.7,2248.195556640625,2024-08-10 17:25:45.868283,XGBRegressor
2024-08-10T00:00:00Z,-1.3032036,36.6825914,-1.2739575,36.8118501,30275.7,2248.195556640625,2024-08-10 17:26:33.680141,XGBRegressor
2024-08-10T00:00:00Z,-1.3032036,36.9096888,-1.2739575,36.8118501,24443.9,2245.502685546875,2024-08-10 17:26:41.792489,XGBRegressor
2024-08-10T00:00:00Z,-1.3032036,36.6825914,-1.2739575,36.8118501,30275.7,2248.195556640625,2024-08-10 17:26:47.316142,XGBRegressor
2024-08-10T00:00:00Z,-1.3032036,36.6825914,-1.2739575,36.8118501,30275.7,2248.195556640625,2024-08-10 17:27:35.336370,XGBRegressor
2024-08-10T00:00:00Z,-1.3032036,36.6825914,-1.2739575,36.8118501,30275.7,2248.195556640625,2024-08-10 17:27:45.717615,XGBRegressor
2024-08-10T00:00:00Z,-1.3032036,36.6825914,-1.2739575,36.8118501,30275.7,2248.195556640625,2024-08-10 17:27:55.910763,XGBRegressor
2024-08-10T00:00:00Z,-1.3032036,36.6825914,-1.2739575,36.8118501,30275.7,2248.195556640625,2024-08-10 17:28:29.685227,XGBRegressor
2024-08-10T00:00:00Z,-1.3032036,36.6825914,-1.2739575,36.8118501,30275.7,2248.195556640625,2024-08-10 17:29:13.606686,XGBRegressor
2024-08-10T00:00:00Z,-1.3032036,36.6825914,-1.2739575,36.8118501,30275.7,2248.195556640625,2024-08-10 17:29:22.736188,XGBRegressor
2024-08-10T00:00:00Z,-1.3032036,36.6825914,-1.2739575,36.8118501,30275.7,2248.195556640625,2024-08-10 17:29:32.359735,XGBRegressor
2024-08-10T00:00:00Z,-1.3032036,36.6825914,-1.2739575,36.8118501,30275.7,2248.195556640625,2024-08-10 17:29:42.100453,XGBRegressor
2024-08-10T00:00:00Z,-1.3032036,36.6825914,-1.2739575,36.8118501,30275.7,2248.195556640625,2024-08-10 17:29:56.168046,XGBRegressor
2024-08-10T00:00:00Z,-1.3032036,36.6825914,-1.2739575,36.8118501,30275.7,2248.195556640625,2024-08-10 17:30:16.347959,XGBRegressor
2024-08-10T00:00:00Z,-1.3032036,36.6825914,-1.2739575,36.8118501,30275.7,2248.195556640625,2024-08-10 17:30:24.984939,XGBRegressor
2024-08-10T00:00:00Z,-1.3032036,36.6825914,-1.2739575,36.8118501,30275.7,2248.195556640625,2024-08-10 17:33:22.203323,XGBRegressor
2024-08-10T00:00:00Z,-1.3032036,36.6825914,-1.2122000113233322,36.794757843017585,27837.4,2014.5064697265625,2024-08-10 17:33:30.743645,XGBRegressor
2024-08-10T00:00:00Z,-1.3032036,36.6825914,-1.2739575,36.8118501,30275.7,2248.195556640625,2024-08-10 17:33:38.333722,XGBRegressor
2024-08-10T00:00:00Z,-1.3032036,36.6825914,-1.2070528015135051,36.80557250976563,32162.9,2399.367919921875,2024-08-10 17:33:45.441322,XGBRegressor
2024-08-10T00:00:00Z,-1.3032036,36.6825914,-1.2739575,36.8118501,30275.7,2248.195556640625,2024-08-10 17:33:55.454606,XGBRegressor
2024-08-10T00:00:00Z,-1.3032036,36.6825914,-1.2739575,36.8118501,30275.7,2248.195556640625,2024-08-10 17:45:06.682822,XGBRegressor
2024-08-10T00:00:00Z,-1.3032036,36.6825914,-1.2199208076791799,36.78411483764649,31239.4,1972.6929931640625,2024-08-10 17:45:24.056093,XGBRegressor
2024-08-10T00:00:00Z,51.056534,5.1691684,-1.2739575,36.8118501,1000,1883.396728515625,2024-08-10 17:45:31.252669,XGBRegressor
2024-08-10T00:00:00Z,-1.3032036,36.6825914,-1.2739575,36.8118501,30275.7,2248.195556640625,2024-08-10 17:45:31.896746,XGBRegressor
2024-08-10T00:00:00Z,-1.3032036,36.6825914,-1.2739575,36.8118501,30275.7,2248.195556640625,2024-08-10 17:53:13.471244,XGBRegressor
2024-08-10T00:00:00Z,-1.2420620423926565,36.70051574707032,-1.2739575,36.8118501,14646.0,1482.1158447265625,2024-08-10 17:53:18.153187,XGBRegressor
2024-08-10T00:00:00Z,-1.3032036,36.6825914,-1.2739575,36.8118501,30275.7,2248.195556640625,2024-08-10 17:53:19.346768,XGBRegressor
2024-08-10T00:00:00Z,51.056534,5.1691684,-1.2739575,36.8118501,30275.7,3480.389404296875,2024-08-10 17:53:30.270406,XGBRegressor
2024-08-10T00:00:00Z,-1.3032036,36.6825914,-1.2739575,36.8118501,30275.7,2248.195556640625,2024-08-10 17:53:30.896807,XGBRegressor
2024-08-10T00:00:00Z,51.056534,5.1691684,-1.2739575,36.8118501,30275.7,3480.389404296875,2024-08-10 17:53:42.849911,XGBRegressor
2024-08-10T00:00:00Z,-1.3032036,36.6825914,-1.2739575,36.8118501,30275.7,2248.195556640625,2024-08-10 17:53:43.349221,XGBRegressor
2024-08-10T00:00:00Z,-1.3032036,36.6825914,-1.2739575,36.8118501,30275.7,2248.195556640625,2024-08-10 18:00:11.398741,XGBRegressor
2024-08-10T00:00:00Z,-1.3032036,36.6825914,-1.2363917656806562,36.79664611816407,27009.7,2020.3282470703125,2024-08-10 18:00:24.542020,XGBRegressor
2024-08-10T00:00:00Z,-1.3032036,36.6825914,-1.2739575,36.8118501,30275.7,2248.195556640625,2024-08-10 18:00:31.590091,XGBRegressor
2024-08-10T00:00:00Z,51.056534,5.1691684,-1.2739575,36.8118501,30275.7,3480.389404296875,2024-08-10 18:00:41.130672,XGBRegressor
2024-08-10T00:00:00Z,-1.3032036,36.6825914,-1.2739575,36.8118501,30275.7,2248.195556640625,2024-08-10 18:00:41.636154,XGBRegressor
2024-08-10T00:00:00Z,-1.3032036,36.6825914,-1.2739575,36.8118501,30275.7,2248.195556640625,2024-08-10 18:07:07.947734,XGBRegressor
2024-08-10T00:00:00Z,-1.3032036,36.6825914,-1.2333034687984368,36.7899513244629,31862.4,1984.1005859375,2024-08-10 18:07:13.643641,XGBRegressor
2024-08-10T00:00:00Z,-1.3032036,36.6825914,-1.2739575,36.8118501,30275.7,2248.195556640625,2024-08-10 18:07:16.027810,XGBRegressor
2024-08-10T00:00:00Z,51.056534,5.1691684,-1.2739575,36.8118501,30275.7,3480.389404296875,2024-08-10 18:07:23.684420,XGBRegressor
2024-08-10T00:00:00Z,-1.3032036,36.6825914,-1.2739575,36.8118501,30275.7,2248.195556640625,2024-08-10 18:07:24.247497,XGBRegressor
2024-08-10T00:00:00Z,-1.3032036,36.9096888,-1.2739575,36.8118501,24443.9,2245.502685546875,2024-08-10 18:16:14.463501,XGBRegressor
2024-08-10T00:00:00Z,-1.3032036,37.9096888,-1.2739575,36.8118501,30275.7,2894.838623046875,2024-08-10 18:16:16.045210,XGBRegressor
2024-08-10T00:00:00Z,-1.3032036,38.9096888,-1.2739575,36.8118501,30275.7,2894.838623046875,2024-08-10 18:16:17.164400,XGBRegressor
2024-08-10T00:00:00Z,-1.3032036,36.6825914,-1.2739575,36.8118501,30275.7,2248.195556640625,2024-08-10 18:16:17.630593,XGBRegressor
2024-08-10T00:00:00Z,-1.3032036,36.6825914,-1.8995204,36.8118501,86715.2,3222.885986328125,2024-08-10 18:16:25.511074,XGBRegressor
2024-08-10T00:00:00Z,-0.8995204,36.6825914,-1.8995204,36.8118501,30275.7,2248.195556640625,2024-08-10 18:16:32.393384,XGBRegressor
2024-08-10T00:00:00Z,-1.3032036,36.6825914,-1.2739575,36.8118501,30275.7,2248.195556640625,2024-08-10 18:16:32.889801,XGBRegressor
2024-08-10T00:00:00Z,-0.8995204,36.6825914,-1.2739575,36.8118501,30275.7,2248.195556640625,2024-08-10 18:16:45.783030,XGBRegressor
2024-08-10T00:00:00Z,0.1004796,36.6825914,-1.2739575,36.8118501,30275.7,2248.195556640625,2024-08-10 18:16:46.905005,XGBRegressor
2024-08-10T00:00:00Z,1.1004796,36.6825914,-1.2739575,36.8118501,336236.8,3222.885986328125,2024-08-10 18:16:47.407945,XGBRegressor
2024-08-10T00:00:00Z,-1.3032036,36.6825914,-1.2739575,36.8118501,30275.7,2248.195556640625,2024-08-10 18:16:47.902735,XGBRegressor
2024-08-10T00:00:00Z,-0.8995204,36.6825914,-1.2739575,36.8118501,30275.7,2248.195556640625,2024-08-10 18:17:02.975900,XGBRegressor
2024-08-10T00:00:00Z,0.1004796,36.6825914,-1.2739575,36.8118501,30275.7,2248.195556640625,2024-08-10 18:17:15.371229,XGBRegressor
2024-08-10T00:00:00Z,-0.8995204,36.6825914,-1.2739575,36.8118501,30275.7,2248.195556640625,2024-08-10 18:17:19.647740,XGBRegressor
2024-08-10T00:00:00Z,-1.8995204,36.6825914,-1.2739575,36.8118501,30275.7,2248.195556640625,2024-08-10 18:17:21.288070,XGBRegressor
2024-08-10T00:00:00Z,-1.3032036,36.6825914,-1.2739575,36.8118501,30275.7,2248.195556640625,2024-08-10 18:17:21.817205,XGBRegressor
2024-08-10T00:00:00Z,-1.3032036,36.6825914,-1.2739575,36.8118501,30275.7,2248.195556640625,2024-08-10 18:20:13.943350,XGBRegressor
2024-08-10T00:00:00Z,-1.8995204,36.6825914,-1.2739575,36.8118501,30275.7,2248.195556640625,2024-08-10 18:20:45.765347,XGBRegressor
2024-08-10T00:00:00Z,-1.3032036,36.6825914,-1.2739575,36.8118501,30275.7,2248.195556640625,2024-08-10 18:20:46.287722,XGBRegressor
2024-08-10T00:00:00Z,-1.8995204,36.6825914,-1.2739575,36.8118501,30275.7,2248.195556640625,2024-08-10 18:20:55.081532,XGBRegressor
2024-08-10T00:00:00Z,-2.8995204,36.6825914,-1.2739575,36.8118501,30275.7,2248.195556640625,2024-08-10 18:21:02.208091,XGBRegressor
2024-08-10T00:00:00Z,-1.3032036,36.6825914,-1.2739575,36.8118501,30275.7,2248.195556640625,2024-08-10 18:21:02.719934,XGBRegressor
2024-08-10T00:00:00Z,51.056534,5.1691684,-1.2739575,36.8118501,30275.7,3480.389404296875,2024-08-10 18:21:37.195490,XGBRegressor
2024-08-10T00:00:00Z,-1.3032036,36.6825914,-1.2739575,36.8118501,30275.7,2248.195556640625,2024-08-10 18:21:37.662483,XGBRegressor
2024-08-10T00:00:00Z,51.056534,5.1691684,-1.2739575,36.8118501,30275.7,3480.389404296875,2024-08-10 18:21:54.648009,XGBRegressor
2024-08-10T00:00:00Z,-1.3032036,36.6825914,-1.2739575,36.8118501,30275.7,2248.195556640625,2024-08-10 18:21:55.132328,XGBRegressor
2024-08-10T00:00:00Z,-1.3032036,36.6825914,-1.2739575,36.8118501,30275.7,2248.195556640625,2024-08-10 18:23:21.014592,XGBRegressor
2024-08-10T00:00:00Z,-1.3032036,36.6825914,-1.2458282060781152,36.77312850952149,22431.5,1671.9000244140625,2024-08-10 18:23:27.929077,XGBRegressor
2024-08-10T00:00:00Z,-1.3032036,36.6825914,-1.2401582342094444,36.736822128295906,18314.8,1244.9105224609375,2024-08-10 18:23:31.603554,XGBRegressor
2024-08-10T00:00:00Z,-1.3032036,36.6825914,-1.2394703150717925,36.693906784057624,13020.9,1134.9783935546875,2024-08-10 18:23:36.165672,XGBRegressor
2024-08-10T00:00:00Z,-1.3032036,36.6825914,-1.2532816069582597,36.73853874206544,21658.0,1402.258056640625,2024-08-10 18:23:40.242121,XGBRegressor
2024-08-10T00:00:00Z,-1.8995204,36.6825914,-1.2532816069582597,36.73853874206544,30275.7,1788.7811279296875,2024-08-10 18:23:45.846412,XGBRegressor
2024-08-10T00:00:00Z,-1.3032036,36.6825914,-1.2739575,36.8118501,30275.7,2248.195556640625,2024-08-10 18:23:46.343056,XGBRegressor
2024-08-10T00:00:00Z,-1.8995204,36.6825914,-1.2739575,36.8118501,30275.7,2248.195556640625,2024-08-10 18:23:49.916166,XGBRegressor
2024-08-10T00:00:00Z,-1.3032036,36.6825914,-1.2739575,36.8118501,30275.7,2248.195556640625,2024-08-10 18:23:50.417970,XGBRegressor
2024-08-10T00:00:00Z,-1.8995204,36.6825914,-1.2739575,36.8118501,30275.7,2248.195556640625,2024-08-10 18:23:54.913632,XGBRegressor
2024-08-10T00:00:00Z,-2.8995204,36.6825914,-1.2739575,36.8118501,30275.7,2248.195556640625,2024-08-10 18:24:01.059571,XGBRegressor
2024-08-10T00:00:00Z,-1.3032036,36.6825914,-1.2739575,36.8118501,30275.7,2248.195556640625,2024-08-10 18:24:01.561407,XGBRegressor
2024-08-10T00:00:00Z,-1.3032036,36.6825914,-1.2739575,36.8118501,30275.7,2248.195556640625,2024-08-10 18:27:42.623308,XGBRegressor
2024-08-10T00:00:00Z,-1.8995204,36.6825914,-1.2739575,36.8118501,30275.7,2248.195556640625,2024-08-10 18:27:50.054696,XGBRegressor
2024-08-10T00:00:00Z,-2.8995204,36.6825914,-1.2739575,36.8118501,30275.7,2248.195556640625,2024-08-10 18:27:51.155359,XGBRegressor
2024-08-10T00:00:00Z,-1.3032036,36.6825914,-1.2739575,36.8118501,30275.7,2248.195556640625,2024-08-10 18:27:51.648968,XGBRegressor
2024-08-10T00:00:00Z,-1.8995204,36.6825914,-1.2739575,36.8118501,30275.7,2248.195556640625,2024-08-10 18:28:03.909248,XGBRegressor
2024-08-10T00:00:00Z,-2.8995204,36.6825914,-1.2739575,36.8118501,30275.7,2248.195556640625,2024-08-10 18:28:07.190368,XGBRegressor
2024-08-10T00:00:00Z,-3.8995204,36.6825914,-1.2739575,36.8118501,30275.7,2248.195556640625,2024-08-10 18:28:12.981798,XGBRegressor
2024-08-10T00:00:00Z,-1.3032036,36.6825914,-1.2739575,36.8118501,30275.7,2248.195556640625,2024-08-10 18:28:13.470938,XGBRegressor
2024-08-10T00:00:00Z,-0.8995204,36.6825914,-1.2739575,36.8118501,30275.7,2248.195556640625,2024-08-10 18:28:18.671316,XGBRegressor
2024-08-10T00:00:00Z,-1.3032036,36.6825914,-1.2739575,36.8118501,30275.7,2248.195556640625,2024-08-10 18:28:19.171816,XGBRegressor
2024-08-10T00:00:00Z,-1.3032036,36.6825914,-1.2739575,36.8118501,30275.7,2248.195556640625,2024-08-10 18:36:01.846640,XGBRegressor
2024-08-10T00:00:00Z,-1.3032036,36.6825914,-1.223695411176275,36.788749694824226,31287.3,1997.2069091796875,2024-08-10 18:36:08.274156,XGBRegressor
2024-08-10T00:00:00Z,-1.3032036,36.6825914,-1.2312301099798313,36.72420501708985,17885.9,1201.298583984375,2024-08-10 18:36:11.956115,XGBRegressor
2024-08-10T00:00:00Z,-1.8995204,36.6825914,-1.2312301099798313,36.72420501708985,30275.7,1747.5113525390625,2024-08-10 18:36:15.334576,XGBRegressor
2024-08-10T00:00:00Z,-1.3032036,36.6825914,-1.2739575,36.8118501,30275.7,2248.195556640625,2024-08-10 18:36:15.861443,XGBRegressor
2024-08-10T00:00:00Z,-1.3032036,36.6825914,-1.2739575,36.8118501,30275.7,2248.195556640625,2024-08-10 18:37:54.654478,XGBRegressor
2024-08-10T00:00:00Z,-1.3032036,36.6825914,-1.2444556350238676,36.78617477416993,24990.3,1679.6968994140625,2024-08-10 18:37:58.338115,XGBRegressor
2024-08-10T00:00:00Z,-1.3032036,36.6825914,-1.2525967578410526,36.72540664672852,20399.1,1268.79931640625,2024-08-10 18:38:01.618309,XGBRegressor
2024-08-10T00:00:00Z,-1.3032036,36.6825914,-1.2545721717954963,36.6775131225586,9271.7,1027.1279296875,2024-08-10 18:38:06.657881,XGBRegressor
2024-08-10T00:00:00Z,51.056534,5.1691684,-1.2739575,36.8118501,30275.7,3480.389404296875,2024-08-10 18:38:35.345430,XGBRegressor
2024-08-10T00:00:00Z,-1.3032036,36.6825914,-1.2739575,36.8118501,30275.7,2248.195556640625,2024-08-10 18:38:35.857473,XGBRegressor
2024-08-10T00:00:00Z,51.056534,5.1691684,-1.2739575,36.8118501,30275.7,3480.389404296875,2024-08-10 18:38:49.664619,XGBRegressor
2024-08-10T00:00:00Z,-1.3032036,36.6825914,-1.2739575,36.8118501,30275.7,2248.195556640625,2024-08-10 18:38:50.193858,XGBRegressor
2024-08-10T00:00:00Z,51.056534,5.1691684,-1.2739575,36.8118501,30275.7,3480.389404296875,2024-08-10 18:39:11.843517,XGBRegressor
2024-08-10T00:00:00Z,-1.3032036,36.6825914,-1.2739575,36.8118501,30275.7,2248.195556640625,2024-08-10 18:39:12.340213,XGBRegressor
2024-08-10T00:00:00Z,-1.3032036,36.6825914,-1.2739575,36.8118501,30275.7,2248.195556640625,2024-08-10 18:39:52.802787,XGBRegressor
2024-08-10T00:00:00Z,51.056534,5.1691684,-1.2739575,36.8118501,30275.7,3480.389404296875,2024-08-10 18:39:59.373174,XGBRegressor
2024-08-10T00:00:00Z,-1.3032036,36.6825914,-1.2739575,36.8118501,30275.7,2248.195556640625,2024-08-10 18:39:59.951331,XGBRegressor
2024-08-10T00:00:00Z,-1.3032036,36.6825914,-1.2739575,36.8118501,30275.7,2248.195556640625,2024-08-10 18:45:21.111577,XGBRegressor
2024-08-10T00:00:00Z,-1.3032036,36.6825914,-1.2739575,36.8118501,30275.7,2248.195556640625,2024-08-10 18:45:57.678487,XGBRegressor
2024-08-10T00:00:00Z,-1.8995204,36.6825914,-1.2739575,36.8118501,30275.7,2248.195556640625,2024-08-10 18:46:06.687136,XGBRegressor
2024-08-10T00:00:00Z,-2.8995204,36.6825914,-1.2739575,36.8118501,30275.7,2248.195556640625,2024-08-10 18:46:07.790296,XGBRegressor
2024-08-10T00:00:00Z,-1.3032036,36.6825914,-1.2739575,36.8118501,30275.7,2248.195556640625,2024-08-10 18:46:08.275709,XGBRegressor
2024-08-10T00:00:00Z,-1.8995204,36.6825914,-1.2739575,36.8118501,30275.7,2248.195556640625,2024-08-10 18:46:13.088165,XGBRegressor
2024-08-10T00:00:00Z,-2.8995204,36.6825914,-1.2739575,36.8118501,30275.7,2248.195556640625,2024-08-10 18:46:13.572881,XGBRegressor
2024-08-10T00:00:00Z,-3.8995204,36.6825914,-1.2739575,36.8118501,30275.7,2248.195556640625,2024-08-10 18:46:14.710608,XGBRegressor
2024-08-10T00:00:00Z,-4.8995204,36.6825914,-1.2739575,36.8118501,30275.7,2248.195556640625,2024-08-10 18:46:15.829461,XGBRegressor
2024-08-10T00:00:00Z,-1.3032036,36.6825914,-1.2739575,36.8118501,30275.7,2248.195556640625,2024-08-10 18:46:16.324586,XGBRegressor
2024-08-10T00:00:00Z,-1.8995204,36.6825914,-1.2739575,36.8118501,30275.7,2248.195556640625,2024-08-10 18:46:20.421066,XGBRegressor
2024-08-10T00:00:00Z,-2.8995204,36.6825914,-1.2739575,36.8118501,30275.7,2248.195556640625,2024-08-10 18:46:20.888539,XGBRegressor
2024-08-10T00:00:00Z,-3.8995204,36.6825914,-1.2739575,36.8118501,30275.7,2248.195556640625,2024-08-10 18:46:21.403714,XGBRegressor
2024-08-10T00:00:00Z,-4.8995204,36.6825914,-1.2739575,36.8118501,30275.7,2248.195556640625,2024-08-10 18:46:21.890507,XGBRegressor
2024-08-10T00:00:00Z,-1.3032036,36.6825914,-1.2739575,36.8118501,30275.7,2248.195556640625,2024-08-10 18:48:20.529210,XGBRegressor
2024-08-10T00:00:00Z,-1.3032036,36.6825914,-1.2739575,36.8118501,30275.7,2248.195556640625,2024-08-10 18:56:39.752360,XGBRegressor
2024-08-10T00:00:00Z,-1.3032036,36.6825914,-1.2477162251881952,36.76609039306641,26546.0,1697.316650390625,2024-08-10 18:56:45.593752,XGBRegressor
2024-08-10T00:00:00Z,-1.3032036,36.6825914,-1.2331247374089938,36.706352233886726,15422.9,1126.3240966796875,2024-08-10 18:56:48.728215,XGBRegressor
2024-08-10T00:00:00Z,-1.3032036,36.6825914,-1.2739575,36.8118501,30275.7,2248.195556640625,2024-08-10 18:56:51.344084,XGBRegressor
2024-08-10T00:00:00Z,51.056534,5.1691684,-1.2739575,36.8118501,30275.7,3480.389404296875,2024-08-10 18:57:04.451856,XGBRegressor
2024-08-10T00:00:00Z,-1.3032036,36.6825914,-1.2739575,36.8118501,30275.7,2248.195556640625,2024-08-10 18:57:05.089573,XGBRegressor
2024-08-10T00:00:00Z,-1.3032036,36.6825914,-1.2739575,36.8118501,30275.7,2248.195556640625,2024-08-10 18:58:34.611542,XGBRegressor
2024-08-10T00:00:00Z,-1.233656967337848,36.70583724975587,-1.2739575,36.8118501,17353.0,1568.106201171875,2024-08-10 18:58:39.808413,XGBRegressor
2024-08-10T00:00:00Z,-1.3032036,36.6825914,-1.2739575,36.8118501,30275.7,2248.195556640625,2024-08-10 18:58:44.609055,XGBRegressor
2024-08-10T00:00:00Z,51.056534,5.1691684,-1.2739575,36.8118501,30275.7,3480.389404296875,2024-08-10 18:58:49.459257,XGBRegressor
2024-08-10T00:00:00Z,-1.3032036,36.6825914,-1.2739575,36.8118501,30275.7,2248.195556640625,2024-08-10 18:58:49.977286,XGBRegressor
2024-08-10T00:00:00Z,-1.3032036,36.6825914,-1.2739575,36.8118501,30275.7,2248.195556640625,2024-08-10 18:59:37.798048,XGBRegressor
2024-08-10T00:00:00Z,51.056534,5.1691684,-1.2739575,36.8118501,30275.7,3480.389404296875,2024-08-10 18:59:47.499589,XGBRegressor
2024-08-10T00:00:00Z,-1.3032036,36.6825914,-1.2739575,36.8118501,30275.7,2248.195556640625,2024-08-10 18:59:48.016985,XGBRegressor
2024-08-10T00:00:00Z,51.056534,5.1691684,-1.2739575,36.8118501,30275.7,3480.389404296875,2024-08-10 19:00:21.338523,XGBRegressor
2024-08-10T00:00:00Z,-1.3032036,36.6825914,-1.2739575,36.8118501,30275.7,2248.195556640625,2024-08-10 19:00:21.811014,XGBRegressor
2024-08-10T00:00:00Z,-1.3032036,36.6825914,-1.2739575,36.8118501,30275.7,2248.195556640625,2024-08-10 19:02:46.654748,XGBRegressor
2024-08-10T00:00:00Z,-1.8995204,36.6825914,-1.2739575,36.8118501,30275.7,2248.195556640625,2024-08-10 19:02:57.598865,XGBRegressor
2024-08-10T00:00:00Z,-1.3032036,36.6825914,-1.2739575,36.8118501,30275.7,2248.195556640625,2024-08-10 19:02:58.116540,XGBRegressor
2024-08-10T00:00:00Z,-1.8995204,36.6825914,-1.2739575,36.8118501,30275.7,2248.195556640625,2024-08-10 19:03:01.344532,XGBRegressor
2024-08-10T00:00:00Z,-2.8995204,36.6825914,-1.2739575,36.8118501,30275.7,2248.195556640625,2024-08-10 19:03:08.271111,XGBRegressor
2024-08-10T00:00:00Z,-3.8995204,36.6825914,-1.2739575,36.8118501,30275.7,2248.195556640625,2024-08-10 19:03:09.379550,XGBRegressor
2024-08-10T00:00:00Z,-4.8995204,36.6825914,-1.2739575,36.8118501,30275.7,2248.195556640625,2024-08-10 19:03:10.516385,XGBRegressor
2024-08-10T00:00:00Z,-1.3032036,36.6825914,-1.2739575,36.8118501,30275.7,2248.195556640625,2024-08-10 19:03:11.012515,XGBRegressor
2024-08-10T00:00:00Z,-1.8995204,36.6825914,-1.2739575,36.8118501,30275.7,2248.195556640625,2024-08-10 19:04:32.306019,XGBRegressor
2024-08-10T00:00:00Z,-2.8995204,36.6825914,-1.2739575,36.8118501,30275.7,2248.195556640625,2024-08-10 19:04:33.711463,XGBRegressor
2024-08-10T00:00:00Z,-3.8995204,36.6825914,-1.2739575,36.8118501,30275.7,2248.195556640625,2024-08-10 19:04:35.788267,XGBRegressor
2024-08-10T00:00:00Z,-4.8995204,36.6825914,-1.2739575,36.8118501,30275.7,2248.195556640625,2024-08-10 19:04:36.261309,XGBRegressor
2024-08-10T00:00:00Z,-1.3032036,36.6825914,-1.2739575,36.8118501,30275.7,2248.195556640625,2024-08-10 19:04:47.922311,XGBRegressor
2024-08-10T00:00:00Z,-1.3032036,36.6825914,-1.2739575,36.8118501,30275.7,2248.195556640625,2024-08-10 19:05:08.216059,XGBRegressor
2024-08-10T00:00:00Z,-1.2226766361783479,36.72763824462891,-1.2739575,36.8118501,14349.9,1724.0120849609375,2024-08-10 19:05:25.969028,XGBRegressor
2024-08-10T00:00:00Z,-1.3032036,36.6825914,-1.2739575,36.8118501,30275.7,2248.195556640625,2024-08-10 19:05:34.115372,XGBRegressor
2024-08-10T00:00:00Z,-1.3032036,36.6825914,-1.2739575,36.8118501,30275.7,2248.195556640625,2024-08-10 19:12:40.842227,XGBRegressor
2024-08-10T00:00:00Z,-1.3032036,36.6825914,-1.2171772284580045,36.77982330322266,26424.1,1710.220947265625,2024-08-10 19:12:46.613126,XGBRegressor
2024-08-10T00:00:00Z,-1.3032036,36.6825914,-1.185762071910128,36.70841217041016,25238.7,1464.56396484375,2024-08-10 19:12:49.529664,XGBRegressor
2024-08-10T00:00:00Z,-1.3032036,36.6825914,-1.185762071910128,36.70841217041016,25238.7,1464.56396484375,2024-08-10 19:12:53.733545,XGBRegressor
2024-08-10T00:00:00Z,-1.3032036,36.6825914,-1.2739575,36.8118501,30275.7,2248.195556640625,2024-08-10 19:12:54.221424,XGBRegressor
2024-08-10T00:00:00Z,-1.3032036,36.6825914,-1.2739575,36.8118501,30275.7,2248.195556640625,2024-08-10 19:13:19.355479,XGBRegressor
2024-08-10T00:00:00Z,-1.3032036,36.6825914,-1.2739575,36.8118501,30275.7,2248.195556640625,2024-08-10 19:14:21.459903,XGBRegressor
2024-08-10T00:00:00Z,-1.2382892809777724,36.70480728149415,-1.2739575,36.8118501,15712.1,1560.776611328125,2024-08-10 19:14:26.574038,XGBRegressor
2024-08-10T00:00:00Z,-1.3032036,36.6825914,-1.2739575,36.8118501,30275.7,2248.195556640625,2024-08-10 19:16:34.138114,XGBRegressor
2024-08-10T00:00:00Z,-1.3032036,36.6825914,-1.2355349819934454,36.77209854125977,22522.0,1671.9000244140625,2024-08-10 19:16:47.913422,XGBRegressor
2024-08-10T00:00:00Z,-1.3032036,36.6825914,-1.2264297492467666,36.750812530517585,22519.9,1564.9390869140625,2024-08-10 19:16:51.118532,XGBRegressor
2024-08-10T00:00:00Z,-1.3032036,36.6825914,-1.2334611431163052,36.728067398071296,18113.0,1297.483154296875,2024-08-10 19:16:59.474416,XGBRegressor
2024-08-10T00:00:00Z,-1.3032036,36.6825914,-1.239811351790342,36.71133041381837,16992.1,1105.705810546875,2024-08-10 19:17:02.445635,XGBRegressor
2024-08-10T00:00:00Z,-1.3032036,36.6825914,-1.2424726456032664,36.694164276123054,13201.2,1173.581787109375,2024-08-10 19:17:08.869014,XGBRegressor
2024-08-10T00:00:00Z,-1.3032036,36.6825914,-1.2452185533092621,36.67922973632813,14296.7,1249.5877685546875,2024-08-10 19:17:12.533399,XGBRegressor
2024-08-10T00:00:00Z,-1.3032036,36.6825914,-1.2739575,36.8118501,30275.7,2248.195556640625,2024-08-10 19:18:04.053993,XGBRegressor
2024-08-10T00:00:00Z,-1.3032036,36.6825914,-1.2550935704374027,36.74686431884766,24421.8,1595.872802734375,2024-08-10 19:18:09.339345,XGBRegressor
2024-08-10T00:00:00Z,-1.3032036,36.6825914,-1.2739575,36.8118501,30275.7,2248.195556640625,2024-08-10 19:18:30.167396,XGBRegressor
2024-08-10T00:00:00Z,-1.3032036,36.6825914,-1.2556082681679697,36.78668975830079,28468.1,1884.7978515625,2024-08-10 19:18:44.329582,XGBRegressor
2024-08-10T00:00:00Z,-1.3032036,36.6825914,-1.2739575,36.8118501,30275.7,2248.195556640625,2024-08-10 19:19:49.076273,XGBRegressor
2024-08-10T00:00:00Z,-1.3032036,36.6825914,-1.2547504385607586,36.77707672119141,28050.4,1911.6507568359375,2024-08-10 19:19:55.035996,XGBRegressor
2024-08-10T00:00:00Z,-1.3032036,36.6825914,-1.2547504385607586,36.77707672119141,28050.4,1911.6507568359375,2024-08-10 19:20:03.287938,XGBRegressor
2024-08-10T00:00:00Z,-1.3032036,36.6825914,-1.2739575,36.8118501,30275.7,2248.195556640625,2024-08-10 19:20:03.804308,XGBRegressor
2024-08-10T00:00:00Z,-1.3032036,36.6825914,-1.2739575,36.8118501,30275.7,2248.195556640625,2024-08-10 19:21:05.469947,XGBRegressor
2024-08-10T00:00:00Z,-1.3032036,36.6825914,-1.252348514164674,36.7734718322754,26483.7,1782.0303955078125,2024-08-10 19:21:10.166769,XGBRegressor
2024-08-10T00:00:00Z,-1.3032036,36.6825914,-1.2350134428330684,36.74137115478516,19125.4,1320.391357421875,2024-08-10 19:21:13.620663,XGBRegressor
2024-08-10T00:00:00Z,-1.3032036,36.6825914,-1.2739575,36.8118501,30275.7,2248.195556640625,2024-08-10 19:21:22.624327,XGBRegressor
2024-08-10T00:00:00Z,-1.3032036,36.6825914,-1.2739575,36.8118501,30275.7,2248.195556640625,2024-08-10 19:22:30.969318,XGBRegressor
2024-08-10T00:00:00Z,-1.3032036,36.6825914,-1.2667600273749045,36.80780410766602,29630.3,2246.46826171875,2024-08-10 19:23:50.388590,XGBRegressor
2024-08-10T00:00:00Z,-1.3032036,36.6825914,-1.2624686157291516,36.77724838256837,16755.3,1350.7723388671875,2024-08-10 19:23:57.974271,XGBRegressor
2024-08-10T00:00:00Z,-1.3032036,36.6825914,-1.2583496852318137,36.74171447753907,22976.9,1494.652587890625,2024-08-10 19:24:00.601832,XGBRegressor
2024-08-10T00:00:00Z,-1.3032036,36.6825914,-1.2739575,36.8118501,30275.7,2248.195556640625,2024-08-10 19:24:11.385953,XGBRegressor
2024-08-10T00:00:00Z,-1.3032036,36.6825914,-1.2739575,36.8118501,30275.7,2248.195556640625,2024-08-10 19:26:52.894335,XGBRegressor
2024-08-10T00:00:00Z,-1.3032036,36.6825914,-1.2739575,36.8118501,30275.7,2248.195556640625,2024-08-10 19:28:48.681104,XGBRegressor
2024-08-10T00:00:00Z,-1.3032036,36.6825914,-1.2355349819934454,36.73553466796876,18868.1,1336.0697021484375,2024-08-10 19:28:55.820268,XGBRegressor
2024-08-10T00:00:00Z,-1.3032036,36.6825914,-1.2355349819934454,36.73553466796876,18868.1,1336.0697021484375,2024-08-10 19:29:02.644992,XGBRegressor
2024-08-10T00:00:00Z,-1.3032036,36.6825914,-1.2739575,36.8118501,30275.7,2248.195556640625,2024-08-10 19:29:03.158643,XGBRegressor
2024-08-10T00:00:00Z,-1.3032036,36.6825914,-1.2739575,36.8118501,30275.7,2248.195556640625,2024-08-10 19:29:15.964147,XGBRegressor
2024-08-10T00:00:00Z,-1.3032036,36.6825914,-1.2149468386355708,36.75373077392579,22069.4,1509.060791015625,2024-08-10 19:29:53.977055,XGBRegressor
2024-08-10T00:00:00Z,-1.3032036,36.6825914,-1.2739575,36.8118501,30275.7,2248.195556640625,2024-08-10 19:29:58.619733,XGBRegressor
2024-08-10T00:00:00Z,-1.3032036,36.6825914,-1.2430839280547008,36.737594604492195,18514.8,1276.247314453125,2024-08-10 19:30:05.892293,XGBRegressor
2024-08-10T00:00:00Z,-1.3032036,36.6825914,-1.2430839280547008,36.737594604492195,18514.8,1276.247314453125,2024-08-10 19:30:29.921414,XGBRegressor
2024-08-10T00:00:00Z,-1.3032036,36.6825914,-1.2739575,36.8118501,30275.7,2248.195556640625,2024-08-10 19:30:30.406533,XGBRegressor
2024-08-10T00:00:00Z,-1.3032036,36.6825914,-1.2739575,36.8118501,30275.7,2248.195556640625,2024-08-10 19:58:57.143702,XGBRegressor
2024-08-10T00:00:00Z,-1.3032036,36.6825914,-1.2458289940056284,36.778793334960945,27208.6,1881.69287109375,2024-08-10 19:59:03.103440,XGBRegressor
2024-08-10T00:00:00Z,-1.3032036,36.6825914,-1.2156242129428432,36.72420501708985,22227.5,1399.1761474609375,2024-08-10 19:59:06.096346,XGBRegressor
2024-08-10T00:00:00Z,-1.3032036,36.6825914,-1.2739575,36.8118501,30275.7,2248.195556640625,2024-08-10 20:04:14.625594,XGBRegressor
2024-08-10T00:00:00Z,-1.3032036,36.6825914,-1.24102512671833,36.71270370483399,16769.1,1111.2071533203125,2024-08-10 20:04:20.783887,XGBRegressor
2024-08-10T00:00:00Z,-1.3032036,36.6825914,-1.2578282048562803,36.66961669921876,9207.9,1025.0653076171875,2024-08-10 20:04:23.775024,XGBRegressor
2024-08-10T00:00:00Z,-1.3032036,36.6825914,-1.2739575,36.8118501,30275.7,2248.195556640625,2024-08-10 20:04:25.575746,XGBRegressor
2024-08-10T00:00:00Z,-1.2369167444455962,36.714591979980476,-1.2739575,36.8118501,13448.9,1585.31982421875,2024-08-10 20:04:29.395386,XGBRegressor
2024-08-10T00:00:00Z,-1.3032036,36.6825914,-1.2739575,36.8118501,30275.7,2248.195556640625,2024-08-10 20:04:49.627359,XGBRegressor
2024-08-10T00:00:00Z,-1.3032036,36.6825914,-1.2228389789452672,36.76111221313477,23750.7,1580.15966796875,2024-08-10 20:05:57.565334,XGBRegressor
2024-08-10T00:00:00Z,-1.3032036,36.6825914,-1.2739575,36.8118501,30275.7,2248.195556640625,2024-08-10 20:06:08.276230,XGBRegressor
2024-08-10T00:00:00Z,-1.3032036,36.6825914,-1.2739575,36.8118501,30275.7,2248.195556640625,2024-08-10 20:07:49.281761,XGBRegressor
2024-08-10T00:00:00Z,-1.3032036,36.6825914,-1.2355349819934454,36.79407119750977,26423.9,1938.5538330078125,2024-08-10 20:08:19.804736,XGBRegressor
2024-08-10T00:00:00Z,-1.3032036,36.6825914,-1.2739575,36.8118501,30275.7,2248.195556640625,2024-08-10 20:08:24.222244,XGBRegressor
2024-08-10T00:00:00Z,-1.3032036,36.6825914,-1.2739575,36.8118501,30275.7,2248.195556640625,2024-08-10 20:13:04.072539,XGBRegressor
2024-08-10T00:00:00Z,-1.3032036,36.6825914,-1.2739575,36.8118501,30275.7,2248.195556640625,2024-08-10 20:13:04.741151,XGBRegressor
2024-08-10T00:00:00Z,-1.3032036,36.6825914,-1.2739575,36.8118501,30275.7,2248.195556640625,2024-08-10 20:14:24.192998,XGBRegressor
2024-08-10T00:00:00Z,-1.3032036,36.6825914,-1.2739575,36.8118501,30275.7,2248.195556640625,2024-08-10 20:14:24.661499,XGBRegressor
2024-08-10T00:00:00Z,-1.3032036,36.6825914,-1.2739575,36.8118501,30275.7,2248.195556640625,2024-08-10 20:15:00.226471,XGBRegressor
2024-08-10T00:00:00Z,-1.3032036,36.6825914,-1.2739575,36.8118501,30275.7,2248.195556640625,2024-08-10 20:15:43.596765,XGBRegressor
2024-08-10T00:00:00Z,-1.3032036,36.6825914,-1.2739575,36.8118501,30275.7,2248.195556640625,2024-08-10 20:15:44.177699,XGBRegressor
2024-08-10T00:00:00Z,-1.3032036,36.6825914,-1.2739575,36.8118501,30275.7,2248.195556640625,2024-08-10 20:16:15.560410,XGBRegressor
2024-08-10T00:00:00Z,-1.3032036,36.6825914,-1.2739575,36.8118501,30275.7,2248.195556640625,2024-08-10 20:17:53.119511,XGBRegressor
2024-08-10T00:00:00Z,-1.3032036,36.6825914,-1.2739575,36.8118501,30275.7,2248.195556640625,2024-08-10 20:18:17.915799,XGBRegressor
2024-08-10T00:00:00Z,-1.3032036,36.6825914,-1.2739575,36.8118501,30275.7,2248.195556640625,2024-08-10 20:19:32.410238,XGBRegressor
2024-08-10T00:00:00Z,-1.3032036,36.6825914,-1.2739575,36.8118501,30275.7,2248.195556640625,2024-08-10 20:20:16.450353,XGBRegressor
2024-08-10T00:00:00Z,-1.3032036,36.6825914,-1.2739575,36.8118501,30275.7,2248.195556640625,2024-08-10 20:20:31.571371,XGBRegressor
2024-08-10T00:00:00Z,-1.3032036,36.6825914,-1.2739575,36.8118501,30275.7,2248.195556640625,2024-08-10 20:20:48.543003,XGBRegressor
2024-08-10T00:00:00Z,-1.3032036,36.6825914,-1.2739575,36.8118501,30275.7,2248.195556640625,2024-08-10 20:21:36.471781,XGBRegressor
2024-08-10T00:00:00Z,-1.3032036,36.6825914,-1.2739575,36.8118501,30275.7,2248.195556640625,2024-08-10 20:23:43.834960,XGBRegressor
2024-08-10T00:00:00Z,-1.3032036,36.6825914,-1.2739575,36.8118501,30275.7,2248.195556640625,2024-08-10 20:24:59.562770,XGBRegressor
2024-08-10T00:00:00Z,-1.3032036,36.6825914,-1.2739575,36.8118501,30275.7,2248.195556640625,2024-08-10 20:26:23.941601,XGBRegressor
2024-08-10T00:00:00Z,-1.3032036,36.6825914,-1.2739575,36.8118501,30275.7,2248.195556640625,2024-08-10 20:27:39.253025,XGBRegressor
2024-08-10T00:00:00Z,-1.2427500197949533,36.699142456054695,-1.2739575,36.8118501,15301.2,1536.0408935546875,2024-08-10 20:28:34.269667,XGBRegressor
2024-08-10T00:00:00Z,-1.3032036,36.6825914,-1.2739575,36.8118501,30275.7,2248.195556640625,2024-08-10 20:28:58.088115,XGBRegressor
2024-08-10T00:00:00Z,-1.3032036,36.6825914,-1.2434270614547671,36.795272827148445,25505.7,1876.41552734375,2024-08-10 20:29:08.190716,XGBRegressor
2024-08-10T00:00:00Z,-1.3032036,36.6825914,-1.2173391374262845,36.77982330322266,26432.0,1710.220947265625,2024-08-10 20:29:11.734215,XGBRegressor
2024-08-10T00:00:00Z,-1.3032036,36.6825914,-1.2739575,36.8118501,30275.7,2248.195556640625,2024-08-10 20:30:24.892623,XGBRegressor
2024-08-10T00:00:00Z,-1.2545880977489388,36.70875549316407,-1.2739575,36.8118501,14463.6,1523.47705078125,2024-08-10 20:30:29.062120,XGBRegressor
2024-08-10T00:00:00Z,-1.3032036,36.6825914,-1.2739575,36.8118501,30275.7,2248.195556640625,2024-08-10 20:30:34.629746,XGBRegressor
2024-08-10T00:00:00Z,-1.3032036,36.6825914,-1.2739575,36.8118501,30275.7,2248.195556640625,2024-08-10 20:30:35.128765,XGBRegressor
2024-08-10T00:00:00Z,-1.3032036,36.6825914,-1.2739575,36.8118501,30275.7,2248.195556640625,2024-08-10 20:34:17.033842,XGBRegressor
2024-08-10T00:00:00Z,-1.2547596637035199,36.70429229736329,-1.2739575,36.8118501,13965.8,1440.854736328125,2024-08-10 20:34:23.055012,XGBRegressor
2024-08-10T00:00:00Z,-1.3032036,36.6825914,-1.2739575,36.8118501,30275.7,2248.195556640625,2024-08-10 20:34:32.297462,XGBRegressor
2024-08-10T00:00:00Z,-1.3032036,36.6825914,-1.2739575,36.8118501,30275.7,2248.195556640625,2024-08-10 20:36:24.424727,XGBRegressor
2024-08-10T00:00:00Z,-1.2600782027071957,36.70309066772462,-1.2739575,36.8118501,15191.7,1542.8192138671875,2024-08-10 20:36:28.151776,XGBRegressor
2024-08-10T00:00:00Z,-1.3032036,36.6825914,-1.2739575,36.8118501,30275.7,2248.195556640625,2024-08-10 20:36:30.402445,XGBRegressor
2024-08-10T00:00:00Z,-1.238460847994315,36.693649291992195,-1.2739575,36.8118501,15584.2,1583.0086669921875,2024-08-10 20:36:33.015992,XGBRegressor
2024-08-10T00:00:00Z,-1.3032036,36.6825914,-1.2739575,36.8118501,30275.7,2248.195556640625,2024-08-10 20:36:37.953309,XGBRegressor
2024-08-10T00:00:00Z,-1.3032036,36.6825914,-1.2739575,36.8118501,30275.7,2248.195556640625,2024-08-10 20:40:27.595186,XGBRegressor
2024-08-10T00:00:00Z,-1.3032036,36.6825914,-1.2477162251881952,36.78085327148438,23344.8,1578.298828125,2024-08-10 20:40:31.894264,XGBRegressor
2024-08-10T00:00:00Z,-1.3032036,36.6825914,-1.2739575,36.8118501,30275.7,2248.195556640625,2024-08-10 20:40:37.929172,XGBRegressor
2024-08-10T00:00:00Z,-1.3032036,36.6825914,-1.2739575,36.8118501,30275.7,2248.195556640625,2024-08-10 20:41:22.986847,XGBRegressor
2024-08-10T00:00:00Z,-1.3032036,36.6825914,-1.256122965797153,36.77433013916016,25871.2,1857.8565673828125,2024-08-10 20:41:30.257078,XGBRegressor
2024-08-10T00:00:00Z,-1.3032036,36.6825914,-1.2739575,36.8118501,30275.7,2248.195556640625,2024-08-10 20:41:35.696246,XGBRegressor
2024-08-10T00:00:00Z,-1.2540733998176408,36.70068740844727,-1.2739575,36.8118501,13600.5,1487.8428955078125,2024-08-10 20:41:38.154168,XGBRegressor
2024-08-10T00:00:00Z,-1.3032036,36.6825914,-1.2739575,36.8118501,30275.7,2248.195556640625,2024-08-10 20:41:43.343507,XGBRegressor
2024-08-10T00:00:00Z,-1.2619654236166855,36.70171737670899,-1.2739575,36.8118501,13821.1,1487.8428955078125,2024-08-10 20:41:47.818880,XGBRegressor
2024-08-10T00:00:00Z,-1.224207724089526,36.72901153564454,-1.2739575,36.8118501,13839.9,1886.460205078125,2024-08-10 20:41:50.971352,XGBRegressor
2024-08-10T00:00:00Z,-1.3032036,36.6825914,-1.2739575,36.8118501,30275.7,2248.195556640625,2024-08-10 20:43:01.032574,XGBRegressor
2024-08-10T00:00:00Z,-1.3032036,36.6825914,-1.2406819930063788,36.76523208618165,21964.2,1574.814208984375,2024-08-10 20:43:07.004641,XGBRegressor
2024-08-10T00:00:00Z,-1.3032036,36.6825914,-1.2739575,36.8118501,30275.7,2248.195556640625,2024-08-10 20:43:13.272525,XGBRegressor
2024-08-10T00:00:00Z,-1.2756906252719775,36.68575286865235,-1.2739575,36.8118501,19147.8,1847.260498046875,2024-08-10 20:43:19.105614,XGBRegressor
2024-08-10T00:00:00Z,-1.2590401264343827,36.70377731323243,-1.2739575,36.8118501,15128.4,1508.17236328125,2024-08-10 20:43:22.117875,XGBRegressor
2024-08-10T00:00:00Z,-1.3032036,36.6825914,-1.2739575,36.8118501,30275.7,2248.195556640625,2024-08-10 20:45:05.317519,XGBRegressor
2024-08-10T00:00:00Z,-1.3032036,36.6825914,-1.2739575,36.8118501,30275.7,2248.195556640625,2024-08-10 20:45:05.798411,XGBRegressor
2024-08-10T00:00:00Z,-1.3032036,36.6825914,-1.2739575,36.8118501,30275.7,2248.195556640625,2024-08-10 20:45:22.718080,XGBRegressor
2024-08-10T00:00:00Z,-1.3032036,36.6825914,-1.2739575,36.8118501,30275.7,2248.195556640625,2024-08-10 20:45:23.232252,XGBRegressor
2024-08-10T00:00:00Z,-1.3032036,36.6825914,-1.2739575,36.8118501,30275.7,2248.195556640625,2024-08-10 20:46:04.028434,XGBRegressor
2024-08-10T00:00:00Z,-1.2688280335471618,36.69794082641602,-1.2739575,36.8118501,16085.7,1600.5999755859375,2024-08-10 20:46:08.894553,XGBRegressor
2024-08-10T00:00:00Z,-1.3032036,36.6825914,-1.2739575,36.8118501,30275.7,2248.195556640625,2024-08-10 20:46:14.269660,XGBRegressor
2024-08-10T00:00:00Z,-1.2767200124543694,36.69347763061524,-1.2739575,36.8118501,17989.5,1589.4560546875,2024-08-10 20:46:19.790505,XGBRegressor
2024-08-10T00:00:00Z,-1.2430847963073006,36.72042846679688,-1.2739575,36.8118501,13618.6,1477.4990234375,2024-08-10 20:46:22.718980,XGBRegressor
2024-08-10T00:00:00Z,-1.3032036,36.6825914,-1.2739575,36.8118501,30275.7,2248.195556640625,2024-08-10 20:50:27.127325,XGBRegressor
2024-08-10T00:00:00Z,-1.3032036,36.6825914,-1.2549220045047293,36.77690505981446,28040.5,1885.5150146484375,2024-08-10 20:50:32.642026,XGBRegressor
2024-08-10T00:00:00Z,-1.3032036,36.6825914,-1.2739575,36.8118501,30275.7,2248.195556640625,2024-08-10 20:50:39.074166,XGBRegressor
2024-08-10T00:00:00Z,-1.3032036,36.6825914,-1.2739575,36.8118501,30275.7,2248.195556640625,2024-08-10 20:53:38.890287,XGBRegressor
2024-08-10T00:00:00Z,-1.242578453056531,36.70600891113282,-1.2739575,36.8118501,14281.4,1502.6383056640625,2024-08-10 20:53:54.613089,XGBRegressor
2024-08-10T00:00:00Z,-1.3032036,36.6825914,-1.2739575,36.8118501,30275.7,2248.195556640625,2024-08-10 20:54:09.626072,XGBRegressor
2024-08-10T00:00:00Z,-1.250985210105814,36.69845581054688,-1.2739575,36.8118501,14239.3,1435.3306884765625,2024-08-10 20:54:13.826987,XGBRegressor
2024-08-10T00:00:00Z,-1.207390541573438,36.728324890136726,-1.2739575,36.8118501,16454.6,1816.543212890625,2024-08-10 20:54:17.277752,XGBRegressor
2024-08-10T00:00:00Z,-1.3032036,36.6825914,-1.2739575,36.8118501,30275.7,2248.195556640625,2024-08-10 20:59:18.911639,XGBRegressor
2024-08-10T00:00:00Z,-1.2614507271407076,36.72592163085938,-1.2739575,36.8118501,10301.7,1327.281494140625,2024-08-10 20:59:24.546606,XGBRegressor
2024-08-10T00:00:00Z,-1.3032036,36.6825914,-1.2739575,36.8118501,30275.7,2248.195556640625,2024-08-10 20:59:36.433401,XGBRegressor
2024-08-10T00:00:00Z,-1.264195773835005,36.7020606994629,-1.2739575,36.8118501,14101.0,1405.12255859375,2024-08-10 20:59:40.203085,XGBRegressor
2024-08-10T00:00:00Z,-1.2286691919712238,36.723346710205085,-1.2739575,36.8118501,14743.8,1429.518798828125,2024-08-10 20:59:42.637496,XGBRegressor
2024-08-10T00:00:00Z,-1.3032036,36.6825914,-1.2739575,36.8118501,30275.7,2248.195556640625,2024-08-10 21:06:31.729664,XGBRegressor
2024-08-10T00:00:00Z,-1.2691711635666036,36.701374053955085,-1.2739575,36.8118501,16464.0,1506.2706298828125,2024-08-10 21:06:53.271743,XGBRegressor
2024-08-10T00:00:00Z,-1.242396141678363,36.70772552490235,-1.2739575,36.8118501,14151.5,1440.854736328125,2024-08-10 21:06:56.124072,XGBRegressor
2024-08-10T00:00:00Z,-1.3032036,36.6825914,-1.2739575,36.8118501,30275.7,2248.195556640625,2024-08-10 21:09:31.264192,XGBRegressor
2024-08-10T00:00:00Z,-1.247210751078278,36.707897186279304,-1.2739575,36.8118501,13732.2,1508.365234375,2024-08-10 21:09:48.177268,XGBRegressor
2024-08-10T00:00:00Z,-1.3032036,36.6825914,-1.2739575,36.8118501,30275.7,2248.195556640625,2024-08-10 21:09:56.685411,XGBRegressor
2024-08-10T00:00:00Z,-1.3032036,36.6825914,-1.2739575,36.8118501,30275.7,2248.195556640625,2024-08-10 22:51:54.026480,XGBRegressor
2024-08-11T00:00:00Z,-1.3032036,36.6825914,-1.2739575,36.8118501,30275.7,2248.195556640625,2024-08-11 03:01:49.184372,XGBRegressor
2024-08-11T00:00:00Z,-1.3032036,36.6825914,-1.2739575,36.8118501,30275.7,2248.195556640625,2024-08-11 03:15:49.227894,XGBRegressor
2024-08-11T00:00:00Z,-1.3032036,36.6825914,-1.2739575,36.8118501,30275.7,2248.195556640625,2024-08-11 14:22:52.463557,XGBRegressor
2024-08-11T00:00:00Z,-1.3032036,36.6825914,-1.2739575,36.8118501,30275.7,2248.195556640625,2024-08-11 14:54:32.978412,XGBRegressor
2024-08-11T00:00:00Z,-1.3032036,36.6825914,-1.2739575,36.8118501,30275.7,2248.195556640625,2024-08-11 21:12:35.579368,XGBRegressor
2024-08-11T00:00:00Z,-1.3032036,36.6825914,-1.2739575,36.8118501,30275.7,2248.195556640625,2024-08-11 21:13:09.222020,XGBRegressor
2024-08-11T00:00:00Z,-1.280831386263176,36.68558074083211,-1.2739575,36.8118501,19552.2,1669.5150146484375,2024-08-11 21:13:15.294747,XGBRegressor
2024-08-11T00:00:00Z,-1.2628112094774315,36.68738337186743,-1.2739575,36.8118501,16316.4,1635.612060546875,2024-08-11 22:09:25.035698,XGBRegressor
2024-08-12T00:00:00Z,-1.3032036,36.6825914,-1.2739575,36.8118501,30275.7,2248.195556640625,2024-08-12 01:49:01.197404,XGBRegressor
2024-08-12T00:00:00Z,-1.3032036,36.9096888,-1.2739575,36.8118501,24443.9,2245.502685546875,2024-08-12 01:49:51.047125,XGBRegressor
2024-08-12T00:00:00Z,-1.3032036,36.6825914,-1.2739575,36.8118501,30275.7,2248.195556640625,2024-08-12 01:50:13.765130,XGBRegressor
2024-08-12T00:00:00Z,-1.287871252853652,36.6830062866211,-1.2739575,36.8118501,20955.4,1765.3759765625,2024-08-12 01:50:17.987260,XGBRegressor
2024-08-12T00:00:00Z,-1.2744844686999266,36.683177947998054,-1.2739575,36.8118501,19610.1,1649.6002197265625,2024-08-12 01:50:22.284118,XGBRegressor
2024-08-12T00:00:00Z,-1.2461714971138376,36.68609619140626,-1.2739575,36.8118501,15730.7,1737.187255859375,2024-08-12 01:50:25.466999,XGBRegressor
2024-08-12T00:00:00Z,-1.2360406090005902,36.68952941894532,-1.2739575,36.8118501,16337.0,1764.59326171875,2024-08-12 01:50:32.327386,XGBRegressor
2024-08-12T00:00:00Z,-1.2217971790459612,36.70394897460938,-1.2739575,36.8118501,16003.4,1568.372314453125,2024-08-12 01:50:34.256576,XGBRegressor
2024-08-12T00:00:00Z,-1.1929686752498323,36.7159652709961,-1.2739575,36.8118501,20924.2,1586.743896484375,2024-08-12 01:50:37.159979,XGBRegressor
2024-08-12T00:00:00Z,-1.2286476708765932,36.73853874206544,-1.2739575,36.8118501,12687.0,1696.136962890625,2024-08-12 01:50:41.713388,XGBRegressor
2024-08-12T00:00:00Z,-1.2214519063949694,36.76222801208497,-1.2739575,36.8118501,12449.3,1584.2249755859375,2024-08-12 01:50:45.045641,XGBRegressor
2024-08-12T00:00:00Z,-1.2328594031622204,36.81037902832032,-1.2739575,36.8118501,9635.3,1406.18994140625,2024-08-12 01:50:47.977713,XGBRegressor
2024-08-12T00:00:00Z,-1.3032036,36.6825914,-1.2739575,36.8118501,30275.7,2248.195556640625,2024-08-12 01:50:52.578484,XGBRegressor
2024-08-12T00:00:00Z,-1.237601177500171,36.69227600097657,-1.2739575,36.8118501,15766.0,1583.0086669921875,2024-08-12 01:50:57.956947,XGBRegressor
2024-08-12T00:00:00Z,-1.1921153521139864,36.72214508056641,-1.2739575,36.8118501,18307.3,1511.5469970703125,2024-08-12 01:51:00.574845,XGBRegressor
2024-08-12T00:00:00Z,-1.1928743309231324,36.80085182189942,-1.2739575,36.8118501,19883.1,1931.6478271484375,2024-08-12 01:51:04.126208,XGBRegressor
2024-08-12T00:00:00Z,-1.3032036,36.6825914,-1.2739575,36.8118501,30275.7,2248.195556640625,2024-08-12 01:51:07.426892,XGBRegressor
2024-08-12T00:00:00Z,-1.3032036,36.6825914,-1.2739575,36.8118501,30275.7,2248.195556640625,2024-08-12 01:53:05.798951,XGBRegressor
2024-08-12T00:00:00Z,-1.3031897,36.5355885,-0.3158115,35.9964603,30275.7,1941.7579345703125,2024-08-12 01:53:07.799553,XGBRegressor
2024-08-12T00:00:00Z,-1.3032036,36.6825914,-1.2739575,36.8118501,30275.7,2248.195556640625,2024-08-12 01:53:08.570999,XGBRegressor
2024-08-12T00:00:00Z,-1.3032036,36.6825914,-0.3158115,35.9964603,157636.5,2509.517822265625,2024-08-12 01:53:50.763098,XGBRegressor
2024-08-12T00:00:00Z,-1.3032036,36.6825914,-1.2739575,36.8118501,30275.7,2248.195556640625,2024-08-12 03:51:56.707928,XGBRegressor
2024-08-12T00:00:00Z,-1.3032036,36.6825914,-1.2690748023973066,36.78951642194905,17152.3,1377.682861328125,2024-08-12 03:52:05.573484,XGBRegressor
2024-08-12T00:00:00Z,-1.2779139854495274,36.68686977319321,-1.2690748023973066,36.78951642194905,13668.6,1289.34130859375,2024-08-12 03:52:08.891508,XGBRegressor
2024-08-12T00:00:00Z,-1.2666723820415677,36.69450956682832,-1.2690748023973066,36.78951642194905,14750.6,1181.7967529296875,2024-08-12 03:52:11.466076,XGBRegressor
2024-08-12T00:00:00Z,-1.2489957747433957,36.70429481811002,-1.2690748023973066,36.78951642194905,13259.8,1167.89208984375,2024-08-12 03:52:15.318700,XGBRegressor
2024-08-12T00:00:00Z,-1.2489957747433957,36.70429481811002,-1.8995204,36.78951642194905,30275.7,1864.064697265625,2024-08-12 03:52:18.548304,XGBRegressor
2024-08-12T00:00:00Z,-1.2489957747433957,36.70429481811002,-2.8995204,36.78951642194905,30275.7,1864.064697265625,2024-08-12 03:52:19.751243,XGBRegressor
2024-08-12T00:00:00Z,-1.2489957747433957,36.70429481811002,-3.8995204,36.78951642194905,30275.7,1864.064697265625,2024-08-12 03:52:20.980056,XGBRegressor
2024-08-12T00:00:00Z,-1.3032036,36.6825914,-1.2739575,36.8118501,30275.7,2248.195556640625,2024-08-12 03:52:21.580522,XGBRegressor
2024-08-12T00:00:00Z,-1.3032036,36.6825914,-1.2739575,36.8118501,30275.7,2248.195556640625,2024-08-12 03:53:16.613218,XGBRegressor
2024-08-12T00:00:00Z,-1.3032036,36.6825914,-1.2739575,36.8118501,30275.7,2248.195556640625,2024-08-12 03:55:25.826802,XGBRegressor
2024-08-12T00:00:00Z,-1.2769701197705934,36.688758534799604,-1.2739575,36.8118501,18400.8,1635.7178955078125,2024-08-12 03:55:30.904591,XGBRegressor
2024-08-12T00:00:00Z,-1.2610091209087917,36.73640524690989,-1.2739575,36.8118501,9587.6,1261.2911376953125,2024-08-12 03:55:34.930400,XGBRegressor
2024-08-12T00:00:00Z,-1.2790277968830182,36.73871100046134,-1.2739575,36.8118501,15230.6,1788.73193359375,2024-08-12 03:55:38.672653,XGBRegressor
2024-08-12T00:00:00Z,-1.3032036,36.6825914,-1.2739575,36.8118501,30275.7,2248.195556640625,2024-08-12 03:55:45.856584,XGBRegressor
2024-08-12T00:00:00Z,-1.3032036,36.6825914,-1.2739575,36.8118501,30275.7,2248.195556640625,2024-08-12 03:58:41.855044,XGBRegressor
2024-08-12T00:00:00Z,-1.3032036,36.6825914,-1.2739575,36.8118501,30275.7,2248.195556640625,2024-08-12 03:59:53.108018,XGBRegressor
2024-08-12T00:00:00Z,-1.29241515076243,36.68790000679667,-1.2739575,36.8118501,20936.4,1666.48974609375,2024-08-12 03:59:56.953506,XGBRegressor
2024-08-12T00:00:00Z,-1.2732800331094496,36.71391203435207,-1.2739575,36.8118501,14563.2,1498.512939453125,2024-08-12 04:00:00.730347,XGBRegressor
2024-08-12T00:00:00Z,-1.3032036,36.6825914,-1.2739575,36.8118501,30275.7,2248.195556640625,2024-08-12 04:02:04.781771,XGBRegressor
2024-08-12T00:00:00Z,-1.3032036,36.6825914,-1.2739575,36.8118501,30275.7,2248.195556640625,2024-08-12 04:04:34.209393,XGBRegressor
2024-08-12T00:00:00Z,-1.3032036,36.6825914,-1.2739575,36.8118501,30275.7,2248.195556640625,2024-08-12 04:05:47.369212,XGBRegressor
2024-08-12T00:00:00Z,-1.3032036,36.6825914,-1.2739575,36.8118501,30275.7,2248.195556640625,2024-08-12 04:07:12.147518,XGBRegressor
2024-08-12T00:00:00Z,-1.3032036,36.6825914,-1.2739575,36.8118501,30275.7,2248.195556640625,2024-08-12 04:09:38.869512,XGBRegressor
2024-08-12T00:00:00Z,-1.3032036,36.6825914,-1.2739575,36.8118501,30275.7,2248.195556640625,2024-08-12 04:14:18.844916,XGBRegressor
2024-08-12T00:00:00Z,-1.3032036,36.6825914,-1.2739575,36.8118501,30275.7,2248.195556640625,2024-08-12 04:22:59.271224,XGBRegressor
2024-08-12T00:00:00Z,-1.3032036,36.6825914,-1.2739575,36.8118501,30275.7,2248.195556640625,2024-08-12 04:27:08.147432,XGBRegressor
2024-08-12T00:00:00Z,-1.2861513438969716,36.69493993642045,-1.2739575,36.8118501,30275.7,2128.638671875,2024-08-12 04:27:17.202677,XGBRegressor
2024-08-12T00:00:00Z,-1.3032036,36.6825914,-1.2739575,36.8118501,30275.7,2248.195556640625,2024-08-12 04:27:21.742909,XGBRegressor
2024-08-12T00:00:00Z,-1.2941312595394525,36.68695562599351,-1.2739575,36.8118501,30275.7,2257.22607421875,2024-08-12 04:27:31.534799,XGBRegressor
2024-08-12T00:00:00Z,-1.3032036,36.6825914,-1.2739575,36.8118501,30275.7,2248.195556640625,2024-08-12 04:27:35.822535,XGBRegressor
2024-08-12T00:00:00Z,-1.3032036,36.6825914,-1.2589496452102384,36.797758290776876,30275.7,2061.677978515625,2024-08-12 04:27:47.271841,XGBRegressor
2024-08-12T00:00:00Z,-1.3032036,36.6825914,-1.2739575,36.8118501,30275.7,2248.195556640625,2024-08-12 04:27:51.833921,XGBRegressor
2024-08-12T00:00:00Z,-1.3032036,36.6825914,-1.2679593209155815,36.75818014984329,30275.7,1859.0238037109375,2024-08-12 04:28:41.457076,XGBRegressor
2024-08-12T00:00:00Z,-1.3032036,36.6825914,-1.2739575,36.8118501,30275.7,2248.195556640625,2024-08-12 04:28:45.902830,XGBRegressor
2024-08-12T00:00:00Z,-1.3032036,36.6825914,-1.2739575,36.8118501,30275.7,2248.195556640625,2024-08-12 04:30:09.430524,XGBRegressor
2024-08-12T00:00:00Z,-1.291900317903122,36.6884151235984,-1.2739575,36.8118501,30275.7,2149.309326171875,2024-08-12 04:30:19.028889,XGBRegressor
2024-08-12T00:00:00Z,-1.3032036,36.6825914,-1.2739575,36.8118501,30275.7,2248.195556640625,2024-08-12 04:30:24.143030,XGBRegressor
2024-08-12T00:00:00Z,-1.3032036,36.6825914,-1.2739575,36.8118501,21420.0,1765.3759765625,2024-08-12 05:34:13.946236,XGBRegressor
2024-08-12T00:00:00Z,-1.2706204689343092,36.69682665501536,-1.2739575,36.8118501,16862.0,1590.48193359375,2024-08-12 05:34:32.643889,XGBRegressor
2024-08-12T00:00:00Z,-1.2568901543421442,36.71794178874185,-1.2739575,36.8118501,11841.0,1281.835205078125,2024-08-12 05:34:38.584301,XGBRegressor
2024-08-12T00:00:00Z,-1.2419592127345904,36.76601005290652,-1.2739575,36.8118501,7862.0,1139.1429443359375,2024-08-12 05:34:46.404473,XGBRegressor
2024-08-12T00:00:00Z,-1.3032036,36.6825914,-1.2739575,36.8118501,21420.0,1765.3759765625,2024-08-12 05:34:58.410293,XGBRegressor
2024-08-12T00:00:00Z,-1.3032036,36.6825914,-1.2739575,36.8118501,21420.0,1765.3759765625,2024-08-12 05:37:05.449732,XGBRegressor
2024-08-12T00:00:00Z,-1.2846926469376587,36.68566739092641,-1.2739575,36.8118501,20171.0,1669.3333740234375,2024-08-12 05:37:09.772689,XGBRegressor
2024-08-12T00:00:00Z,-1.3032036,36.6825914,-1.2739575,36.8118501,21420.0,1765.3759765625,2024-08-12 05:38:10.575045,XGBRegressor
